id,title,url,by,section,type,audience,level,courses,cost,note,start,checked,pick,lu
lu-qrc-dropin,QRC drop-in tutoring,https://inside.lawrence.edu/offices/center-academic-success/tutoring-programs-services,Lawrence University,start,Service,student; staff; faculty; tutor,All levels,MATH 102; MATH 103; MATH 140; Q courses,Free,Peer tutors for 100- and 200-level math and Q-requirement courses. No appointment needed. Bring your work and a specific question if you can.,"Mudd Library, 2nd floor, Sunday–Thursday evenings. Check the tutor board for who is on tonight.",2026-10-03,True,
lu-peer-tutoring,Course tutors through Navigate,https://inside.lawrence.edu/offices/center-academic-success/tutoring-programs-services,"Lawrence University, Center for Academic Success",start,Service,student; faculty; tutor,All levels,,Free,"One-on-one and small-group content tutoring for specific courses, plus writing, oral communication, and multilingual support. Request a tutor in MyLU Navigate or ask your instructor.",Check your course's Canvas site or syllabus for an assigned tutor first.,2026-10-03,False,
lu-cas,Center for Academic Success,https://www.lawrence.edu/offices/center-academic-success,Lawrence University,start,Service,student; staff; faculty; tutor,All levels,,Free,"Success coaching on time, motivation, and study habits, academic skills workshops, and peer tutoring programs. A good next step when the problem is bigger than one course.","Mudd Library, 2nd floor, weekdays 8–5. Book a coaching meeting from the CAS page.",2026-10-03,False,
lu-aleks,ALEKS math placement,https://inside.lawrence.edu/academics/college/mathematics/placement-testing,"Lawrence University, Department of Mathematics",start,Guide,student; faculty; staff; tutor,Foundational,MATH 102; MATH 103; MATH 140; PHYS 141,Free for Lawrence students,"Required before math or physics courses. Scores of 75+ place into calculus (MATH 140), 45–74 into MATH 103, and below 45 into MATH 102. After your first attempt you get personalized ALEKS learning modules.","To retake the proctored test, wait 48 hours and complete at least 5 hours in the learning modules.",2026-10-03,True,
lu-library,Mudd Library,https://www.lawrence.edu/library,Lawrence University,start,Service,student; faculty; staff,All levels,,Free,"Research help, data and systems librarianship, course reserves, and quiet study space. The QRC and CAS are on the library's 2nd floor.",Ask at the main desk for help finding data or a statistics text.,,False,
openstax-library,OpenStax textbook library,https://openstax.org/higher-education,"OpenStax, Rice University",start,Textbook,student; tutor; faculty,All levels,,Free (CC BY),"Free, peer-reviewed textbooks in math, statistics, the sciences, economics, and more. Lawrence's intro math courses use OpenStax texts, so your assigned book may already be free here as a web page, PDF, or app.","Check your syllabus for the book title, then find it by subject.",2026-10-03,False,True
khan,Khan Academy,https://www.khanacademy.org/,Khan Academy (nonprofit),foundations,Course,student; tutor,Foundational to intro,MATH 102; MATH 103,Free,"Short videos and unlimited practice with instant feedback, arranged in mastery units. Good for filling a specific gap (negative numbers, fractions, factoring) without redoing a whole course.","Use a unit test or course challenge to find your gaps, then work only those skills.",,True,
openstax-prealgebra,Prealgebra 2e,https://openstax.org/details/books/prealgebra-2e,"OpenStax, Rice University",foundations,Textbook,student; tutor; faculty,Foundational,MATH 102,Free (CC BY),"A complete, peer-reviewed text on whole numbers, fractions, decimals, percents, and an introduction to algebra. Every section has worked examples followed by ""try it"" problems with answers.",The fractions and decimals chapters are the most-used review.,2026-10-03,True,True
openstax-intalg,Intermediate Algebra 2e,https://openstax.org/details/books/intermediate-algebra-2e,"OpenStax, Rice University",foundations,Textbook,student; tutor; faculty,Foundational,MATH 102; MATH 103,Free (CC BY),"Linear equations, systems, polynomials, rational expressions, radicals, and quadratics, with lots of practice. A good bridge from MATH 102 into MATH 103.",Use the chapter review exercises as a self-check before an exam.,,False,True
pauls-notes,Paul's Online Math Notes,https://tutorial.math.lamar.edu/,"Paul Dawkins, Lamar University",foundations,Guide,student; tutor,Foundational to intermediate,MATH 103; MATH 140,Free,"Clear class notes with many worked examples for algebra through differential equations, with practice problems and solutions. Students often find these easier to read than their textbook. It also has review pages on algebra and trig for calculus students.","For a quick refresher, try the Algebra/Trig Review under Extras, or the cheat sheets.",2026-10-03,True,
pauls-cheatsheets,"Algebra, trig, and calculus cheat sheets",https://tutorial.math.lamar.edu/extras/cheatsheets_tables.aspx,"Paul Dawkins, Lamar University",foundations,Handout,student; tutor,Foundational to intro,MATH 102; MATH 103; MATH 140,Free,"Printable reference sheets: algebra rules, common errors, trig identities, and derivative and integral tables. The ""common algebra errors"" sheet is useful before any exam.",Print the algebra sheet for your notebook.,2026-10-03,False,
openstax-precalc,Precalculus 2e,https://openstax.org/details/books/precalculus-2e,"OpenStax, Rice University",precalc,Textbook,student; tutor; faculty,Intro,MATH 103,Free (CC BY),"Functions, polynomial and rational functions, exponentials and logarithms, trigonometry, and conics. Clean examples and many practice problems with odd answers in the back.",Chapter 1 (functions) and chapter 4 (exponential and logarithmic functions) match the core of MATH 103.,2026-10-03,True,True
openstax-collegealg,College Algebra 2e,https://openstax.org/details/books/college-algebra-2e,"OpenStax, Rice University",precalc,Textbook,student; tutor; faculty,Intro,MATH 102; MATH 103,Free (CC BY),"The algebra half of precalculus without trigonometry: equations, inequalities, functions, and systems.",Use it when your course is algebra-heavy and you want more practice than your text offers.,2026-10-03,False,True
stitz-zeager,Precalculus (Stitz and Zeager),https://www.stitz-zeager.com/,Carl Stitz and Jeff Zeager,precalc,Textbook,student; tutor; faculty,Intro,MATH 103,Free (Creative Commons),"A widely adopted open precalculus text with careful explanations, available as PDF and as interactive online lessons. Approved by the American Institute of Mathematics.","Its function chapters explain why, not just how.",2026-10-03,False,
pauls-algebra,Paul's Online Notes: Algebra,https://tutorial.math.lamar.edu/Classes/Alg/Alg.aspx,"Paul Dawkins, Lamar University",precalc,Guide,student; tutor,Foundational to intro,MATH 102; MATH 103,Free,"Clear notes with many worked examples on equations, functions, polynomial and rational functions, exponentials and logarithms, and systems. Each section has practice problems with full solutions.",The Exponential and Logarithm Functions chapter is a common MATH 103 rescue.,,True,
active-calculus,Active Calculus,https://activecalculus.org/,Matt Boelkins and collaborators,calculus,Textbook,student; tutor; faculty,Intro,MATH 140,Free (Creative Commons),"Built around short activities that ask you to work out ideas before they are stated. Good for understanding why derivatives and integrals work, not just the rules.","Try the ""preview activity"" at the start of a section before reading it.",,False,
clp-calculus,CLP Calculus texts and problem books,https://personal.math.ubc.ca/~CLP/,"Feldman, Rechnitzer, and Yeager, University of British Columbia",calculus,Textbook,student; tutor; faculty,Intro to intermediate,MATH 140,Free,"Four free texts (differential, integral, multivariable, and vector calculus), each with a separate problem book that has hints, answers, and full solutions. The problem books are the best free source of calculus practice we know.",CLP-1 problem book for derivatives; CLP-2 for integrals.,2026-10-03,True,
openstax-calc,"Calculus, Volumes 1–3",https://openstax.org/details/books/calculus-volume-1,"OpenStax, Rice University",calculus,Textbook,student; tutor; faculty,Intro to intermediate,MATH 140,Free (CC BY),"A conventional three-volume calculus sequence, similar in layout to commercial textbooks. Useful as a second explanation of any standard topic.","Volume 1 covers limits, derivatives, and an introduction to integration.",,True,True
apex-calculus,APEX Calculus,https://www.apexcalculus.com/,Gregory Hartman and collaborators,calculus,Textbook,student; tutor; faculty,Intro to intermediate,MATH 140,Free (Creative Commons),A complete open calculus text with interactive 3D graphics in the online version. Approved by the American Institute of Mathematics.,,,False,
mit-1801sc,MIT 18.01SC Single Variable Calculus,https://ocw.mit.edu/courses/18-01sc-single-variable-calculus-fall-2010/,MIT OpenCourseWare,calculus,Course,student; tutor,Intro,MATH 140,Free (CC BY-NC-SA),"A full self-study calculus course: lecture videos, short recitation videos by teaching assistants, problem sets, and exams with solutions.",The recitation videos walk through one problem each and are good for a single stuck topic.,,False,
3b1b-calculus,Essence of Calculus (3Blue1Brown),https://www.3blue1brown.com/topics/calculus,Grant Sanderson,calculus,Video,student; tutor,Intro,MATH 140,Free,"A short animated series on the big ideas of calculus: derivatives as rates, integrals as accumulation, and why the two are connected. Best watched before or alongside a course, not instead of practice.",,,False,
prof-leonard,Professor Leonard lectures,https://www.youtube.com/@ProfessorLeonard,"Leonard (community college instructor), YouTube",calculus,Video,student,Intro to intermediate,MATH 103; MATH 140,Free,"Full-length, unhurried classroom lectures on precalculus, calculus, and statistics. Long, but students who need every step written out like them.",Search the channel for the exact topic rather than starting at lecture 1.,,False,
pauls-calc,"Paul's Online Notes: Calculus I, II, and III",https://tutorial.math.lamar.edu/Classes/CalcI/CalcI.aspx,"Paul Dawkins, Lamar University",calculus,Guide,student; tutor,Intro to intermediate,MATH 140,Free,"Many students find these easier to read than their textbook: short explanations, lots of worked examples, and practice problems with step-by-step solutions for limits, derivatives, integrals, series, and multivariable calculus.",Calculus I for MATH 140. Calculus II and III are linked from the site's menu.,2026-10-03,True,
reed-discrete,Discrete Structures,https://people.reed.edu/~davidp/113/resources/113full_text.pdf,"Kyle Ormsby and David Perkinson, Reed College",proof,Textbook,student; tutor; faculty,Intro to intermediate,,Free PDF,"The text used in Lawrence's discrete math course. Written for Reed's Math 113, it covers counting, sets, graph theory, probability, number theory and modular arithmetic, and generating functions.",Reed's Math 113 course page (people.reed.edu/~davidp/113/) has lecture videos and review sheets that follow the book.,2026-10-03,True,True
book-of-proof,Book of Proof,https://textbooks.aimath.org/textbooks/approved-textbooks/hammack/,Richard Hammack,proof,Textbook,student; tutor; faculty,Intermediate,,Free PDF,"A gentle, popular introduction to sets, logic, and proof techniques (direct, contrapositive, contradiction, induction). Many exercises have solutions.","Part II, on how to write a proof, is the core.",2026-10-03,True,
forallx,forall x: Calgary,https://forallx.openlogicproject.org/,"P. D. Magnus, Tim Button, and the Open Logic Project",proof,Textbook,student; tutor; faculty,Intro,,Free (CC BY),"An open introduction to formal logic: truth tables, natural deduction, and first-order logic. Used in many philosophy and logic courses.",,2026-10-03,False,
levin-discrete,Discrete Mathematics: An Open Introduction,https://discrete.openmathbooks.org/,Oscar Levin,proof,Textbook,student; tutor; faculty,Intermediate,,Free (Creative Commons),"Counting, sequences, logic and proofs, and graph theory, written for students meeting proofs for the first time. Approved by the American Institute of Mathematics.",,,False,
understanding-la,Understanding Linear Algebra,https://understandinglinearalgebra.org/,"David Austin, Grand Valley State University",linalg,Textbook,student; tutor; faculty,Intermediate,,Free (Creative Commons),"An open text that emphasizes geometric meaning and applications, with interactive computation built into the online version.",,,True,
3b1b-la,Essence of Linear Algebra (3Blue1Brown),https://www.3blue1brown.com/topics/linear-algebra,Grant Sanderson,linalg,Video,student; tutor,Intermediate,,Free,Animated videos that show matrices as transformations of space. Many students say this is when linear algebra finally made sense.,,,True,
mit-1806sc,MIT 18.06SC Linear Algebra,https://ocw.mit.edu/courses/18-06sc-linear-algebra-fall-2011/,"Gilbert Strang, MIT OpenCourseWare",linalg,Course,student; tutor,Intermediate,,Free (CC BY-NC-SA),"Strang's well-known lectures with recitation videos, problem sets, and exams with solutions.",,,False,
lebl-diffyqs,Notes on Diffy Qs,https://www.jirka.org/diffyqs/,Jiří Lebl,linalg,Textbook,student; tutor; faculty,Intermediate,,Free (Creative Commons),"A free introductory differential equations text covering first-order equations, linear systems, Fourier series, and Laplace transforms. Approved by the American Institute of Mathematics.",,,False,
pauls-de,Paul's Online Notes: Differential Equations,https://tutorial.math.lamar.edu/Classes/DE/DE.aspx,"Paul Dawkins, Lamar University",linalg,Guide,student; tutor,Intermediate,,Free,"Worked-example notes on first-order equations, second-order linear equations, Laplace transforms, systems, and series solutions, with practice problems.",,,False,
openintro-stats,OpenIntro Statistics,https://www.openintro.org/book/os/,"Diez, Çetinkaya-Rundel, and Barr",stats,Textbook,student; tutor; faculty,Intro,STAT,Free PDF (pay what you want for print),"One of the most widely used free intro statistics texts, with real data sets, video overviews, and labs in R. Approved by the American Institute of Mathematics.",,,True,
ims,Introduction to Modern Statistics,https://openintro-ims.netlify.app/,Mine Çetinkaya-Rundel and Johanna Hardin (OpenIntro),stats,Textbook,student; tutor; faculty,Intro,STAT,Free online,"A modern intro text that teaches inference through randomization and bootstrapping before formulas, with an emphasis on data and modeling.",,2026-10-03,False,
openstax-stats,Introductory Statistics 2e,https://openstax.org/details/books/introductory-statistics-2e,"OpenStax, Rice University",stats,Textbook,student; tutor; faculty,Intro,STAT,Free (CC BY),"A traditional one-term statistics text: descriptive statistics, probability, distributions, confidence intervals, and hypothesis tests.",,2026-10-03,False,
seeing-theory,Seeing Theory,https://seeing-theory.brown.edu/,"Daniel Kunin, Brown University",stats,Interactive,student; tutor; faculty,Intro,STAT,Free,"A visual introduction to probability and statistics in six interactive chapters, from basic probability through regression. Lets you watch the central limit theorem happen.","Chapter 3, Probability Distributions.",2026-10-03,True,
artofstat,Art of Stat web apps,https://www.artofstat.com/web-apps,Bernhard Klingenberg,stats,Interactive,student; tutor; faculty,Intro,STAT,Free,"Free browser apps for exploring data, regression, distributions, sampling distributions, and inference, including bootstrap and permutation tests. Useful when you don't have statistical software.",,2026-10-03,False,
statquest,StatQuest,https://www.youtube.com/@statquest,"Josh Starmer, YouTube",stats,Video,student; tutor,Intro to intermediate,STAT,Free,"Short, friendly videos that explain statistical and machine-learning ideas (p-values, regression, PCA) one picture at a time.",,,False,
jamovi,jamovi,https://www.jamovi.org/,The jamovi project,stats,Software,student; faculty; staff,Intro to intermediate,STAT,Free (open source),"Point-and-click statistics software, a free alternative to SPSS, built on R. Good for students who need t-tests, ANOVA, or regression without writing code.",,,False,
r4ds,R for Data Science (2e),https://r4ds.hadley.nz/,"Wickham, Çetinkaya-Rundel, and Grolemund",data,Textbook,student; tutor; faculty; staff,Intro to intermediate,STAT; DASC,Free online,"The standard free introduction to doing data analysis in R with the tidyverse: importing, cleaning, visualizing, and summarizing data.","The ""Whole game"" chapters get you to a working analysis fast.",2026-10-03,True,
posit-cloud,Posit Cloud,https://posit.cloud/,Posit,data,Tool,student; faculty; staff,All levels,STAT; DASC,Free tier (limited hours),"RStudio in a web browser, so you can run R without installing anything.",,,False,
py4e,Python for Everybody,https://www.py4e.com/,"Charles Severance, University of Michigan",data,Course,student; tutor; faculty; staff,Foundational,CMSC; DASC,Free,"A complete beginner's course in Python with a free textbook, video lectures, and auto-graded exercises. Assumes no programming background.",,2026-10-03,True,
colab,Google Colab,https://colab.research.google.com/,Google,data,Tool,student; faculty; staff,All levels,CMSC; DASC,Free with a Google account,Python notebooks that run in the browser with common data libraries already installed.,,,False,
carpentries,Software Carpentry lessons,https://software-carpentry.org/lessons/,The Carpentries,data,Course,student; faculty; staff,Foundational,,Free (CC BY),"Short, tested lessons on the command line, version control with Git, and programming in Python or R, written for researchers.",,,False,
excel-ms,Excel help and learning,https://support.microsoft.com/en-us/excel,Microsoft,data,Guide,student; faculty; staff,Foundational to intermediate,,Free,"Microsoft's official tutorials and video training for Excel, from formulas and charts to PivotTables. Lawrence accounts include Microsoft 365.",,,False,
excel-gcf,Excel tutorials (GCFGlobal),https://edu.gcfglobal.org/en/excel/,GCFGlobal / LearnFree,data,Course,student; staff,Foundational,,Free,"Plain-language, step-by-step Excel lessons for complete beginners, with practice files.",,,True,
hyperphysics,HyperPhysics,https://hyperphysics.gsu.edu/hbase/hph.html,"Carl R. Nave, Georgia State University",sciences,Guide,student; tutor,Intro,PHYS,Free,"A linked concept map of introductory physics with formulas, diagrams, and worked calculations. Quick for looking up how one idea connects to another.",,2026-10-03,True,
phet,PhET Interactive Simulations,https://phet.colorado.edu/,University of Colorado Boulder,sciences,Interactive,student; tutor; faculty,Foundational to intro,PHYS; CHEM; MATH 103,Free,"Research-based simulations in physics, chemistry, and math (graphing lines, quadratics, fractions, vectors). Good for building intuition before solving problems.",,,False,
openstax-physics,"University Physics, Volumes 1–3",https://openstax.org/details/books/university-physics-volume-1,"OpenStax, Rice University",sciences,Textbook,student; tutor; faculty,Intro,PHYS,Free (CC BY),"A calculus-based introductory physics text. Each chapter has worked examples with a ""strategy, solution, significance"" structure.",,,False,
openstax-chem,Chemistry 2e,https://openstax.org/details/books/chemistry-2e,"OpenStax, Rice University",sciences,Textbook,student; tutor; faculty,Intro,CHEM,Free (CC BY),"A general chemistry text. Its appendices on essential math (exponents, logarithms, significant figures) are useful on their own.",,,False,
chem-libretexts,Chemistry LibreTexts,https://chem.libretexts.org/,LibreTexts,sciences,Textbook,student; tutor; faculty,Intro to advanced,CHEM,Free,"A large library of open chemistry texts and modules, from general chemistry through physical chemistry. Search for a topic rather than browsing.",,,False,
math-you-need,"The Math You Need, When You Need It",https://serc.carleton.edu/mathyouneed/index.html,"SERC, Carleton College",sciences,Guide,student; tutor; faculty,Foundational,CHEM; PHYS; BIOL; GEOL,Free,"Short modules on the math that intro science courses assume: unit conversions, rearranging equations, slopes, logarithms, and density, each with practice problems.",Start with unit conversions and rearranging equations.,2026-10-03,True,
nist-si,SI units,https://www.nist.gov/pml/owm/metric-si/si-units,National Institute of Standards and Technology,sciences,Guide,student; tutor,Foundational,CHEM; PHYS,Free,"The official reference for SI base units, derived units, and prefixes.",,,False,
openstax-econ,Principles of Economics 3e,https://openstax.org/details/books/principles-economics-3e,"OpenStax, Rice University",social,Textbook,student; tutor; faculty,Intro,ECON,Free (CC BY),A conventional principles text covering micro and macro. The appendix on using graphs in economics is a good refresher on slope and linear equations.,,,False,
core-econ,The Economy 2.0 (CORE Econ),https://books.core-econ.org/,The CORE Team,social,Textbook,student; tutor; faculty,Intro,ECON,Free online,"A free, data-driven introduction to economics developed by an international group of economists. Uses real data and models throughout.",,2026-10-03,True,
fred,FRED economic data,https://fred.stlouisfed.org/,Federal Reserve Bank of St. Louis,social,Data,student; faculty; staff,All levels,ECON,Free,"Hundreds of thousands of economic time series (GDP, unemployment, inflation, interest rates) with instant graphs and downloads.",,,True,
owid,Our World in Data,https://ourworldindata.org/,Global Change Data Lab and University of Oxford,social,Data,student; faculty; staff,All levels,,Free (CC BY),"Charts and downloadable data on health, population, energy, poverty, and more, each with its sources documented. Good for projects and for practicing reading graphs.",,,False,
desmos,Desmos graphing calculator,https://www.desmos.com/calculator,Desmos Studio,tools,Tool,student; tutor; faculty,All levels,MATH 102; MATH 103; MATH 140,Free,"A fast, easy graphing calculator in the browser. Add sliders to see how changing a coefficient changes a graph.","Type y = a x^2 + b x + c and add sliders for a, b, and c.",,True,
geogebra,GeoGebra,https://www.geogebra.org/,GeoGebra,tools,Tool,student; tutor; faculty,All levels,,Free,"Graphing, geometry, 3D, and computer algebra in one free tool, with thousands of ready-made activities.",,,False,
wolframalpha,Wolfram|Alpha,https://www.wolframalpha.com/,Wolfram Research,tools,Tool,student; tutor,All levels,,Free (step-by-step solutions are paid),"Answers math questions typed in plain language: solves equations, simplifies, differentiates, integrates, and plots. Best for checking your work after you've done it.",,,False,
learning-scientists,Six strategies for effective learning,https://www.learningscientists.org/downloadable-materials,The Learning Scientists,study,Handout,student; tutor; faculty,All levels,,Free for educational use (CC BY-NC-ND),"Posters, slides, and bookmarks on six research-backed strategies: spaced practice, retrieval practice, elaboration, interleaving, concrete examples, and dual coding.",Read the retrieval practice and interleaving posters first; they matter most for math.,2026-10-03,True,
retrieval-practice,Retrieval practice for students,https://www.retrievalpractice.org/students,Pooja K. Agarwal,study,Guide,student; tutor,All levels,,Free,"Short, research-based advice on studying by recalling and practicing instead of rereading.",,2026-10-03,False,
youcubed,youcubed,https://www.youcubed.org/,Stanford Graduate School of Education,study,Guide,student; tutor; faculty,All levels,,Free,"Resources on mathematical mindset and visual approaches to math. Helpful reading for students who believe they are ""not a math person,"" and for the people who teach them.",,2026-10-03,False,
overleaf-30,Learn LaTeX in 30 minutes,https://www.overleaf.com/learn/latex/Learn_LaTeX_in_30_minutes,Overleaf,writing,Guide,student; tutor; faculty,Foundational,,Free (Overleaf has a free plan),The standard first tutorial for typesetting math with LaTeX in an online editor. The rest of Overleaf's documentation answers almost any later question.,,2026-10-03,True,
serc-quant-writing,Quantitative writing,https://serc.carleton.edu/sp/carl_ltc/quantitative_writing/index.html,"SERC, Carleton College",writing,Guide,student; faculty,All levels,,Free,"What it means to write with numbers, with tutorials and examples of quantitative writing assignments across disciplines.",,2026-10-03,False,
cmu-handouts,"Communication handouts, including data visualization",https://www.cmu.edu/student-success/other-resources/handouts/index.html,"Carnegie Mellon University, Student Academic Success Center",writing,Handout,student; tutor; faculty,All levels,,Free,"Printable handouts on scientific writing, presentations, research posters, tables and charts, and data visualization.",,2026-10-03,False,
gre-prep,Official GRE prep materials,https://www.ets.org/gre/test-takers/general-test/prepare/prep-books-services.html,ETS,beyond,Guide,student,Intermediate,,Free practice tests (some materials paid),"Free official practice tests and a math review for the GRE quantitative section, from the test maker.",,2026-10-03,True,
openstax-contemp,Contemporary Mathematics,https://openstax.org/details/books/contemporary-mathematics,"OpenStax, Rice University",beyond,Textbook,student; faculty,Foundational,Q courses,Free (CC BY),"A liberal-arts math text on sets, logic, probability, statistics, personal finance, and geometry. Good for quantitative reasoning outside a math major.","The personal finance chapter covers interest, loans, and budgeting.",2026-10-03,False,True
math-in-society,Math in Society,https://textbooks.aimath.org/textbooks/approved-textbooks/lippman/,David Lippman,beyond,Textbook,student; faculty,Foundational,Q courses,Free,"Short chapters on voting, apportionment, finance, growth models, statistics, and graph theory as they come up in civic life.",,2026-10-03,False,
crla-ittpc,CRLA tutor training certification (ITTPC),https://www.crla.net/index.php/certifications/ittpc-international-tutor-training-program,College Reading and Learning Association,tutoring,Organization,tutor; staff,All levels,,Free to read,"The standards the QRC trains to. Level 1 requires at least 10 hours of training on 8 topics and 25 hours of tutoring. Certification goes to programs, not individual tutors.",Read the Level 1 topics list to see what your training covers.,2026-10-03,True,
qmasc-training,QMaSC Handbook: training and mentoring chapters,https://digitalcommons.usf.edu/qmasc_handbook/,"Coulombe, O'Neill, and Schuckers, eds.",tutoring,Guide,tutor; staff,All levels,,Free (CC BY-NC-ND),Chapters 14 and 15 of this handbook collect training methods and practice scenarios written by directors of math and quantitative centers at peer colleges.,"Chapter 15, Practice and Mentoring, is a bank of tutoring scenarios.",2026-10-03,False,
serc-qr,Developing quantitative reasoning,https://serc.carleton.edu/sp/library/qr/index.html,"Nathan Grawe, SERC, Carleton College",teaching,Guide,faculty,All levels,,Free,"How to build quantitative reasoning into a course in any discipline: what QR is, principles for teaching it, designing assignments, and assessing them with rubrics.",,2026-10-03,True,
maa-ipg,MAA Instructional Practices Guide,https://maa.org/resources/instructional-practices-guide/,Mathematical Association of America,teaching,Guide,faculty; tutor,All levels,,Free (CC BY-NC),"An evidence-based guide to classroom practices, assessment, and course design in college mathematics, with a companion book-study guide.",,2026-10-03,False,
aim-otl,AIM approved open textbooks,https://textbooks.aimath.org/textbooks/approved-textbooks/,American Institute of Mathematics,teaching,Guide,faculty,All levels,,Free,A reviewed list of free math textbooks from precalculus through upper-division courses. Start here if you want to drop a commercial textbook.,,2026-10-03,True,
ssac,Teaching with Spreadsheets Across the Curriculum,https://serc.carleton.edu/sp/ssac/index.html,"SERC, Carleton College",teaching,Guide,faculty; staff,All levels,,Free,Ready-made modules in which students build Excel spreadsheets to answer questions in subjects from geology to economics.,,2026-10-03,False,
qmasc-handbook,QMaSC: A Handbook for Directors of Quantitative and Mathematics Support Centers,https://digitalcommons.usf.edu/qmasc_handbook/,"Coulombe, O'Neill, and Schuckers, eds. (2016)",centers,Guide,staff; faculty,All levels,,Free (CC BY-NC-ND),"The handbook for this field: management, outreach, faculty development, training, assessment, space design, and ten case studies of centers at colleges like Bates, Hamilton, Smith, and St. Lawrence.",Chapters 9 (outreach) and 12 (virtual presence) shaped this directory.,2026-10-03,True,
numeracy,Numeracy (journal),https://digitalcommons.usf.edu/numeracy/,National Numeracy Network,centers,Organization,faculty; staff,All levels,,Free (open access),"The peer-reviewed, open-access journal on quantitative literacy across disciplines.",,2026-10-03,False,
