0.8293861489148807,0.05590210896857173,-0.5558719008917515
-0.012961185993541055,-0.07588860028956482,0.9970320596669554
-0.41103753771893636,-0.8311669131147074,0.37444586408361125
-0.9423292100623296,0.05590210896857173,-0.3299857785968537
0.805402359329689,-0.07588860028956482,-0.5878502870053405
0.6966940316730823,0.45635281296040264,-0.553497548625316
-0.5423533765237858,0.6299676537507616,-0.5558719008917515
0.06848759182777647,0.03516421137890604,0.9970320596669554
-0.23450749987194483,0.9414981867690771,0.2420483356983676
-0.1950358271810018,0.41115625533225814,-0.8904558157578495
-0.5193673812293355,-0.7520924875598255,0.4057270184139279
0.5461792138982509,-0.8311669131147074,0.10416251172498232
0.3014089031599148,0.05590210896857173,0.9518548352079759
-0.9535216452020857,-0.07588860028956482,-0.29161171526054697
-0.8608144579041019,0.45635281296040264,-0.22525669616327626
-0.11928549479912974,0.6299676537507616,0.7674058417540794
0.7565330926368985,0.03516421137890604,-0.6530093092623945
-0.7214380482339454,-0.6072462469698681,-0.3328350013165764
-0.8265566936147348,0.41681516593254964,0.37824482770990825
0.6094507016439851,0.4408865437410624,-0.6589301160318252
0.9115560531231278,0.16987011769367533,0.37444586408361125
0.5206758388625404,-0.7874046334310068,-0.3299857785968537
-0.42253053536616153,0.6898550476374902,-0.5878502870053405
-0.7830986693721715,0.2835435375622242,-0.553497548625316
-0.17856209708633775,-0.8118632934694856,-0.5558719008917515
-0.06922392419979072,0.03369154663487756,0.9970320596669554
0.7940801413454824,-0.2986309110081852,-0.5293923952147028
-0.41604920323703914,-0.5492896153672816,-0.7246957837158214
-0.15727602474688762,0.9783995853613553,0.13415850105209204
-0.4650583165221844,0.19914345660193541,0.8625906595403088
0.7595680495037734,0.23044735749633988,0.6082354754500818
-0.24964198202057147,0.5158133897780112,-0.8195214626466826
0.13972820463096,0.1689863511240111,-0.9756636930645728
0.9954098367427996,0.0667169284629443,-0.06861565690236743
-0.49716284845430464,-0.818724174560908,0.28726264655600786
0.33434316848186096,0.9414981867690771,0.04237699847853527
-0.5953431562976785,0.41115625533225814,0.6903021511995111
0.6362020434687436,-0.7520924875598255,0.1720576939351116
-0.24437751895896467,-0.8311669131147074,-0.4994408781535902
0.5806385262704319,0.05590210896857173,-0.8122400236527175
0.3388236149128139,-0.07588860028956482,0.9377843453179967
0.3362833178118403,0.45635281296040264,0.8238055840212474
0.6854959702827415,0.6299676537507616,-0.36501510921314395
-0.9763273029920546,0.03516421137890604,-0.21342088855208213
0.1665948278871061,-0.6072462469698681,0.7768514393771021
0.7985298783367676,0.41681516593254964,0.434298458265843
-0.892814513811851,0.4408865437410624,-0.09220249169609294
-0.24737694060698762,0.16987011769367533,-0.9539123609486689
-0.5763941261950072,-0.7874046334310068,-0.21854920393192015
-0.21676190838457543,0.6898550476374902,0.6907346004961334
0.027061162723050175,0.2835435375622242,0.9585774646729267
-0.33756026246159854,-0.8118632934694856,0.47637281820412114
0.8391600022534388,0.03369154663487756,-0.5428400964403408
0.2706652299878645,0.13683121169648935,0.9528995502052076
-0.05819999705510318,0.9930826883522735,0.10197810763986156
-0.7749429566929598,-0.5974087000116461,-0.20631592042876534
0.08730775734981353,-0.44831610413631034,-0.8896010489419327
0.3810396400403259,-0.8921317825476677,0.24271315433296958
-0.8958921274202223,0.33483385359694445,0.2919992919715524
-0.5532054999030582,0.45596341466405915,0.6971807795435117
0.27203848314391604,-0.4739128582967952,0.8374972635356601
0.6138867845520606,0.5460245781987659,-0.5700878666970485
-0.6124940494920948,-0.752504911959002,0.2420483356983676
-0.21190350795720547,-0.4027224149441563,-0.8904558157578495
0.9132944187854617,0.03576158755242693,0.4057270184139279
0.3372260021528154,0.935643518987425,0.10416251172498232
-0.2255670290708063,0.20758585714678887,0.9518548352079759
0.6328238673529033,-0.7172841559879297,-0.29161171526054697
0.15140642437413912,-0.9624632540995233,-0.22525669616327626
-0.4324028261211314,-0.47340898808976073,0.7674058417540794
-0.4820512246852639,0.5841279472821752,-0.6530093092623945
0.9186598265162617,-0.2128026904052355,-0.3328350013165764
0.16248188342280123,-0.9113344544513178,0.37824482770990825
-0.718379655979241,0.22302863507055057,-0.6589301160318252
-0.6828297260288169,0.627322771882297,0.37444586408361125
0.31751820342728115,0.8889834511486363,-0.3299857785968537
-0.2983657168902951,-0.7519374568754233,-0.5878502870053405
0.24302437157352355,-0.7966050580350718,-0.553497548625316
0.7566278930273911,0.3442682984126212,-0.5558719008917515
0.014581117211972385,-0.07559406734075912,0.9970320596669554
-0.6167550659624217,-0.583141093559255,0.5287340102662255
-0.898126534851122,0.24799128310847968,-0.36313778500525923
0.7329840880331995,-0.42198701487380097,-0.5335365835329733
0.8010828383487282,0.5921947651923849,-0.08701520661287566
0.5963815207552299,-0.3324389379641796,0.7306253720114897
-0.29328050628623137,-0.5430874674440487,-0.7867925694474377
-0.644511928465368,-0.659136434309216,-0.3874835932423269
-0.033887826366561034,-0.7100279679062946,0.7033575904296531
-0.29143385080106377,0.9473047980941836,0.13296589831607722
0.6270801383201597,-0.7585375806201404,-0.1771757289001889
0.8075802912850141,0.46567089940692474,-0.3618904344875083
-0.36446773213937245,0.12667387780475298,0.9225600256411987
-0.9096523583603547,0.4153701384888385,-0.00048474860254750854
-0.6019583130558914,-0.7950251335475238,0.074707605842025
0.6635179062609925,0.27882253238217647,0.6942636268068627
0.9166776891954915,-0.09360633084562058,0.38850980548350894
0.10639579123800702,-0.9919052656537206,0.06931002507040689
-0.1179702918536899,0.5013089205825719,-0.8571886469058556
0.20398603151160835,0.6306157492351819,0.7488080366587254
0.5811382050649168,-0.5526849617274564,0.5973422132197311
0.23278342270316502,0.26261216658082265,-0.936400944082355
-0.6179507713100578,-0.4014787618830942,-0.6759819879213663
-0.6579512949868789,0.736431402936087,-0.15738132733801638
0.9771936894702541,0.05636720102177829,-0.20473209789498853
0.9170058890032781,0.27267191636291815,0.29111891996275585
-0.1456367371406274,0.9318154967950925,0.3324301742133927
-0.41547844427394254,-0.8178405757144909,0.39813873845519526
-0.8999620009790517,-0.2986309110081852,-0.3176286759475642
-0.3301271050304337,-0.5492896153672816,0.7676568328191243
0.20169241568980623,0.9783995853613553,0.045325719166254885
0.9691075175455576,0.19914345660193541,-0.1455077425064378
0.030847550657801495,0.23044735749633988,-0.9725957248730679
-0.5058319809050033,0.5158133897780112,0.6914264632044667
-0.8643678772302341,0.1689863511240111,0.4736156521339757
-0.6521384275675737,0.0667169284629443,-0.7551584752528192
0.5281078263173892,-0.818724174560908,0.22537269082983896
-0.16670430230628835,0.9414981867690771,-0.2929007338726099
0.909447614738216,0.41115625533225814,0.06209323431843615
-0.2440750709331569,-0.7520924875598255,-0.6121962511360619
-0.25292619114749326,-0.8311669131147074,0.49516654205932586
-0.9981751346844331,0.05590210896857173,0.022833193175285003
0.5469333073067091,-0.07588860028956482,-0.8337294991210492
0.4572744765298938,0.45635281296040264,-0.7633100046622205
-0.70330966954016,0.6299676537507616,-0.32938771069830675
0.4150596709535671,0.03516421137890604,0.9091143755248929
0.5215242547694181,-0.6072462469698681,-0.5993867259359462
-0.13167916038938618,0.41681516593254964,-0.89940297762892
0.46192671493023635,0.4408865437410624,0.7695731060671366
-0.6147037243947427,0.16987011769367533,0.7702489690547913
0.17099711257146816,-0.7874046334310068,0.5922448233151577
0.682644825427652,0.6898550476374902,-0.24103123359001982
0.7506252741045113,0.2835435375622242,-0.5967954089821962
0.5836344120402559,-0.8118632934694856,-0.015775480953193803
-0.9377680785043359,0.03369154663487756,-0.3456239439385467
0.5999205021714473,0.13683121169648935,-0.788271914113416
0.11650248434495117,0.9930826883522735,-0.01462686693983438
0.29991303767276356,-0.5974087000116461,0.7437439176116268
-0.7640654935634343,-0.44831610413631034,0.46391442348530887
-0.03445326055781987,-0.8921317825476677,-0.4504596046320424
0.7711347100293753,0.33483385359694445,0.5415141267532465
0.8896679235766443,0.45596341466405915,0.02425593219633958
0.5067747209421785,-0.4739128582967952,-0.7201291446365289
-0.8244023640888749,0.5460245781987659,-0.14905670762341933
0.561135098253951,-0.752504911959002,0.34476623817465535
-0.5852225478319564,-0.4027224149441563,0.7037962958204741
-0.22339503654013468,0.03576158755242693,-0.9740717460767261
-0.11900559191170337,0.935643518987425,-0.3322783087572417
0.8968240856088645,0.20758585714678887,-0.3906592778681405
-0.6129836926201795,-0.7172841559879297,-0.3312920647259945
-0.2710492115551045,-0.9624632540995233,0.014028878198654487
0.8733663690759425,-0.47340898808976073,-0.11452124415554261
-0.23317671259875722,0.5841279472821752,0.7774465653056477
-0.817463896963018,-0.2128026904052355,-0.5352268604230636
0.20510673211424588,-0.9113344544513178,-0.3569324033641859
-0.09611629923791551,0.22302863507055057,0.9700617944024877
0.7092545268841791,0.627322771882297,0.32159626237288674
-0.4544995449338516,0.8889834511486363,-0.05602309558371273
-0.2912607994700952,-0.7519374568754233,0.5914027457154404
-0.5886126618443669,-0.7966050580350718,0.13767903191637068
-0.8986742565298358,0.3442682984126212,-0.27177917388686196
0.788876977406381,-0.07559406734075912,-0.6098841295697512
0.49827337602872024,0.3075373212271312,-0.8106444589296727
-0.6960247158357121,0.5147141492668167,-0.5006185568777423
0.34536632349516544,0.24282326012944774,0.9065092205463434
-0.22713328952254608,-0.6841468892905801,0.6930753946467079
0.8313486764087414,-0.5544000052713559,0.03872999339729016
-0.04877144164257448,0.9701743679301805,0.23745113663947753
0.10929272844352346,0.9528370859239954,-0.28311938682689813
0.8934344002393072,-0.007865920475251822,-0.44912481535104054
-0.7989363935720127,-0.513592805394289,-0.31292661963049734
0.7475345644192792,0.2675165484745284,0.607969547996241
-0.2555152232169387,-0.4354312013889563,0.8631984937205163
0.21028132649379894,-0.4914982316663201,-0.8451102010962172
-0.6600036391300214,0.18772128802529756,-0.7274310375267553
0.4551747649420701,0.7181422026564461,-0.5263912139499282
0.34905496121551033,-0.9301108355909745,0.11425614892467631
0.5913737394189577,-0.6324877678159092,0.500236268066288
0.8650955094024543,0.49971476355292854,0.043530617948161474
-0.8549669920481965,0.30444112175997556,0.41993695466056147
-0.07162977044777831,-0.9555198881282655,-0.28609599678594866
0.9380819855508061,-0.32963437785531413,0.10650523612009474
-0.5757601542510492,0.3299932613666945,0.7480673046119449
-0.22575062236740126,0.9701320996283588,-0.08877142429522651
-0.9015506256663938,-0.025318170671619872,-0.43193223958669313
0.2084245604022743,-0.37184474890599617,0.9045942103131964
0.25172166853296835,-0.7900820853154881,0.5589333592249689
-0.6383151391842715,-0.7019389757461256,-0.3159674942405375
0.6958068150914672,0.43532520606886194,-0.5712659984922713
-0.23754335600074128,0.814442659681297,-0.5293923952147028
0.6890612142360487,-0.0032655933692624095,-0.7246957837158214
-0.6883540534409517,-0.7128605710143233,0.13415850105209204
0.11972022463176228,-0.4915327271789087,0.8625906595403088
-0.6400987156993361,0.46938602510521477,0.6082354754500818
-0.2628655226100661,-0.5092016194832639,-0.8195214626466826
-0.21902600367778488,0.010390753030361313,-0.9756636930645728
-0.6506194448160352,0.756297712316473,-0.06861565690236743
0.9532770487213091,0.09350422597310108,0.28726264655600786
-0.9538044505043782,-0.29742437727595755,0.04237699847853527
0.02828088951280059,-0.7229682782374977,0.6903021511995111
0.21995276396661423,0.96021712731089,0.1720576939351116
0.8115600418671447,0.30319813270165274,-0.4994408781535902
-0.39310480293711647,0.43096955563520234,-0.8122400236527175
-0.1425832887160365,0.31659205210399,0.9377843453179967
-0.5668522410554263,-0.004785033526769421,0.8238055840212474
-0.9152717051702541,0.17041618397573627,-0.36501510921314395
0.557665012692108,-0.8021603692209874,-0.21342088855208213
0.3858401008436308,0.49762361049160564,0.7768514393771021
-0.8125700597481003,0.38873480310988423,0.434298458265843
0.18297947329426073,-0.9787835372941184,-0.09220249169609294
0.0125300702092523,-0.2998236231017953,-0.9539123609486689
0.9757601824618097,0.011327479102598317,-0.21854920393192015
-0.42182689307924687,-0.5873225552901544,0.6907346004961334
-0.24307152768360946,-0.14847719235889437,0.9585774646729267
0.8520267922525475,0.21706976611241247,0.47637281820412114
-0.5304492386599653,0.6511130738218246,-0.5428400964403408
-0.2718641073499102,0.13443345697239795,0.9528995502052076
-0.7595461524487568,-0.6424096106554467,0.10197810763986156
0.9428927340250927,-0.2615091453473801,-0.20631592042876534
0.30626822889916017,0.338835868361637,-0.8896010489419327
0.4850816420139386,0.8401107815608614,0.24271315433296958
0.26966819357457783,-0.9176140140943446,0.2919992919715524
-0.032847431789412365,-0.7161424487208821,0.6971807795435117
0.21590719675108655,0.5019785014932099,0.8374972635356601
-0.8051517332902491,0.16349468072238882,-0.5700878666970485
0.9695003592624586,-0.03849229241827461,0.2420483356983676
0.4493200367296484,0.07211064260072941,-0.8904558157578495
-0.5765859213132185,0.7091785824969131,0.4057270184139279
-0.9508504164816293,-0.29160530967020276,0.10416251172498232
-0.030728468274947282,-0.30500513754471836,0.9518548352079759
0.19413300437860181,0.9366295874750804,-0.29161171526054697
0.6791267486551352,0.6986030919590251,-0.22525669616327626
0.6381688861444873,-0.06187686804304869,0.7674058417540794
-0.1780716230145818,-0.7361177481175163,-0.6530093092623945
-0.38095374358556866,0.8626094754561506,-0.3328350013165764
0.6315784335073734,0.6767861794090316,0.37824482770990825
0.25260488553110416,-0.7085209058257231,-0.6589301160318252
-0.09216038188854744,-0.9226574439524318,0.37444586408361125
-0.9016976829752777,-0.2793755079473569,-0.3299857785968537
0.7805693956345157,0.2124699006130179,-0.5878502870053405
0.4914694234839432,0.6723825320798618,-0.553497548625316
-0.7293913745465315,0.3987413353743401,-0.5558719008917515
0.051726583545423865,0.05702133417403338,0.9970320596669554
0.04765954158963605,0.9984002232792911,0.030423054602181976
-0.09862036085818518,0.25170007563710595,-0.9627674154999619
-0.6974194037853527,-0.47201516751279426,0.5392660353309411
0.29295098292406835,-0.9097771748327973,0.2940836849556192
0.33404620890962355,0.1684793680606756,0.9273768558956944
-0.9447939403489537,0.13589157115484718,-0.29815749390039586
-0.7039664312848365,0.6219773700470481,-0.3428927161277254
0.0865740378227424,0.7853166330246093,0.6130111922876754
0.7153872931062503,-0.31804158315211223,-0.6221499596144083
-0.6365849347119187,-0.0312530900249087,0.77057307587387
0.0007155949431850855,-0.9699613346205679,0.24325808776886337
0.7983446070588274,0.6000838341941219,0.05045077124254878
0.2872962583067487,0.3327227469281011,-0.8981962111028751
-0.4369936446703986,0.8981280512884567,-0.0490158954470946
0.6957164563619996,-0.25869843856904695,0.6701147142311075
0.21646721432944588,-0.344025215945658,0.9136676616330431
-0.5841427697540208,0.5603186650337031,0.5872139458144278
-0.33465188464636253,-0.6367349160779924,-0.6946774523113511
0.973782986908139,-0.14949265211235024,0.1714603201113275
0.09109312732562341,0.24640678814039804,0.964876021524201
-0.5566709405883983,-0.7560211436380496,-0.34431017161368266
-0.7612697558173482,0.31190439656603774,-0.5684927495408985
0.3662380695631841,-0.09631305009229761,-0.9255233507505636
-0.1446118910766992,-0.757495688863624,0.6366220875152263
0.37608121566758546,-0.6107498371977259,0.6968124249645253
0.8551635734361199,-0.3063153026846255,-0.41817005871916774
-0.20767593466110956,0.9477171442225115,0.24228685624557056
-0.4134635181494706,0.6026924627766733,-0.68250253806975
0.24593814429075764,0.9093303961930261,0.3356078958282307
0.6561452689743958,-0.6943665520584869,-0.29551392079718736
-0.007556714440798931,-0.8095586015934082,0.5869904314833296
-0.6002075491206458,-0.6248567948578695,-0.4993044000392324
0.8732760607406777,0.3461291362505394,-0.3429045680297939
0.49263291461178604,0.6791391437772515,-0.5441349417475395
-0.521611552516259,0.014862368444127354,-0.8530536315413053
-0.3635718329932821,0.26142438749173846,0.8941324353128425
0.3816119791733959,-0.5988005108442744,-0.7041379449823731
0.289000864615487,-0.7989354741589638,0.5274282969104829
-0.945648111208388,0.31360933738780594,-0.08601647092963847
-0.1455886915043107,0.8982528503916964,0.41466341732693884
0.07726944533093119,0.6162507535410308,-0.7837502418362381
-0.7019993588856482,-0.7046943160806585,0.10297000052321882
-0.3051308707226452,-0.9328561549932395,-0.19150599422281642
0.1670889686531516,-0.08596850487994176,-0.9821866893432905
0.7107435035827321,0.14963818401432208,0.6873515010530192
-0.8614831856939884,-0.2571334033197609,0.4378688544116085
-0.4208194807728335,-0.5975278661722041,-0.6825477373413344
0.8621132922955153,-0.1907699328877631,0.4694331730431775
0.7150209729435059,0.66120781814273,-0.2270445539488949
-0.05319887179151836,0.6472821432041401,0.7603918115873978
0.2400117672805948,-0.9665007089794009,0.09094356002027315
-0.29488601663701147,-0.9369880942756759,0.18733805907394588
-0.5457153030814897,0.10601972151839445,0.8312368053881155
-0.2213701652143781,0.414057149171346,-0.8829223789060149
-0.5322189466054651,-0.8444183671820596,0.06083267246926826
0.6215434271113833,-0.6774320991232533,-0.39340757401465853
0.1816558478141297,0.5234979563499998,0.8324368100056022
0.08770154243500096,0.9806705016353323,-0.1749108535135176
-0.9160904389345282,0.34110854606222485,0.2107682791504888
0.6116692826078327,-0.4344997457354086,0.6611131973194034
0.28909311114594716,-0.8313226724332448,0.47468704151936236
-0.8685260056934153,-0.38565009585045096,0.3113464003401665
0.2547658353305572,0.1284555464383792,-0.9584328571879935
-0.23028991509372088,0.2578642786167072,0.9383349981854092
0.29681855077383096,0.9539981015727734,0.04226547186613358
-0.7198382040764091,-0.34603856726259846,-0.6017393704245202
0.34647824523227133,-0.644716120772441,-0.6813911866152227
-0.18869515488339977,-0.886035382454454,0.4234801525010577
-0.6987825569189545,0.6636598658011954,-0.26694291650191326
-0.5986971230898057,0.7576833093903349,0.2597648118496804
-0.4118948607467262,-0.32987928054940724,0.8494246782114587
0.9765170895176999,0.1719306790406105,-0.12982378628169494
-0.5276288171371512,0.3939496152964024,-0.7526031702924638
-0.8623006982032801,0.24420481050286402,0.44362316937395846
0.890052575727973,0.39332691178312973,0.23043513817807149
0.6314503948618267,-0.6759503543962673,0.3799493613896511
0.5368316604052483,-0.2694014478116989,-0.7995214995880376
-0.020052404503530435,0.9214427037295262,0.3879964494905167
-0.38996303674640836,0.9207610737212957,-0.01130818690709813
0.0331734875956836,0.23813654166582854,-0.9706649819810016
-0.5357042620654079,-0.7522692073291088,0.3835518000340904
0.7930402477904334,-0.583141093559255,0.17616364661020223
0.24836569290646593,0.24799128310847968,0.9363838988840534
-0.8666197196462982,-0.42198701487380097,-0.2662653203067756
-0.5502618682995374,0.5921947651923849,-0.5886571467112571
0.22667138515605373,-0.3324389379641796,-0.9154804398110776
-0.45346575178621135,-0.5430874674440487,0.7066999466974478
0.07672028248535917,-0.659136434309216,0.7480996987176904
0.583018768163659,-0.7100279679062946,-0.39490429316454295
0.2812330291335,0.9473047980941836,0.15336754165120467
-0.517988666112247,-0.7585375806201404,-0.3953586733160145
-0.7740605223610151,0.46567089940692474,-0.4289299723355063
0.9567286597965824,0.12667387780475298,-0.26196182967322124
0.5454036161341748,0.4153701384888385,0.7280127358498123
0.42094107250715485,-0.7950251335475238,0.4367420869394982
0.15730015768889472,0.27882253238217647,-0.9473725010929116
-0.23919876913048782,-0.09360633084562058,-0.9664480346464986
-0.008389454686478708,-0.9919052656537206,-0.12670264803264972
-0.6149687424124706,0.5013089205825719,0.6086894216264652
0.47665481042001534,0.6306157492351819,-0.612473647204522
0.1291908475368348,-0.5526849617274564,-0.8233158919837721
-0.888790808887783,0.26261216658082265,0.37561382828688106
-0.1700151275510583,-0.4014787618830942,0.899949809800866
0.2688657151217142,0.736431402936087,0.6207898323923128
-0.7501018919981433,0.05636720102177829,-0.65891569283921
-0.3173083974317621,0.27267191636291815,-0.9082760631802759
0.35332618165509055,0.9318154967950925,-0.08294871481553373
0.5677980573285218,-0.8178405757144909,0.09349951234603686
0.2858742598293796,-0.2986309110081852,0.9105468063517799
0.8122017292735596,-0.5492896153672816,-0.19649241566712755
-0.08475487408087981,0.9783995853613553,-0.18854936405159786
-0.6978707045324848,0.19914345660193541,-0.6879813685325834
-0.7965851102931353,0.23044735749633988,0.5588793943975996
0.8566403591065753,0.5158133897780112,-0.01019029319867748
0.8975132480453211,0.1689863511240111,0.407324910503802
-0.21284372366171114,0.0667169284629443,0.9748058272057505
-0.1365665431265623,-0.818724174560908,-0.5577098755518147
-0.1342980057143149,0.9414981867690771,0.30910388216859663
-0.4959939813881807,0.41115625533225814,-0.7648140323816345
-0.34331195834895534,-0.7520924875598255,0.5625778074281627
0.5478889483359566,-0.8311669131147074,-0.09475897231760085
0.6171716353508878,0.05590210896857173,0.7848401918423754
-0.9951435836808649,-0.07588860028956482,0.06269105362726224
-0.8850126896477126,0.45635281296040264,0.09216642157341734
0.15847563316545057,0.6299676537507616,0.7602803620511122
0.47825569784777416,0.03516421137890604,-0.8775163620777895
-0.7924239336104079,-0.6072462469698681,-0.05758736825396672
-0.6405148858695042,0.41681516593254964,0.6449851148888609
0.33850245589556754,0.4408865437410624,-0.831285235584471
0.9850214098806788,0.16987011769367533,0.029613598082919208
0.37119759110924533,-0.7874046334310068,-0.4921445840462692
-0.6024118821286071,0.6898550476374902,-0.40149712018810974
-0.9278114916484638,0.2835435375622242,-0.24242297389429127
-0.3628010319867086,-0.8118632934694856,-0.4574422410602885
0.28616169195176416,0.03369154663487756,0.9575888291665966
-0.9905698325936013,0.13683121169648935,-0.006973253269108224
-0.08160298415883821,0.9930826883522735,-0.08442586731206031
0.41504731148564344,-0.5974087000116461,-0.6861767807051871
0.8295708349263076,-0.44831610413631034,0.3329037407595621
-0.339695727370942,-0.8921317825476677,0.29783837122548135
-0.029469524615028067,0.33483385359694445,-0.9418162440754482
-0.5143960083889149,0.45596341466405915,-0.7262878981791191
-0.8801681482745303,-0.4739128582967952,0.02665771002817456
0.3753960523545896,0.5460245781987659,0.7489559158451515
-0.06086806841264633,-0.752504911959002,-0.655767821507954
0.9141705653555531,-0.4027224149441563,0.045900260773280625
-0.6452203749373001,0.03576158755242693,0.7631590768781433
-0.19441929185877133,0.935643518987425,0.2945714587837077
-0.8506218736598311,0.20758585714678887,-0.4830637017662073
0.10275656379131212,-0.7172841559879297,0.6891621929317402
0.17385262949198627,-0.9624632540995233,0.2084220423248909
-0.6156368167699995,-0.47340898808976073,-0.6299803487674284
0.7618632798037726,0.5841279472821752,-0.27992656910438296
0.062296849839360055,-0.2128026904052355,0.9751072338242527
-0.4086099619598963,-0.9113344544513178,0.05007405632711487
0.8337192150647397,0.22302863507055057,-0.5051440372511603
-0.16827570623219812,0.627322771882297,-0.7603613789310755
0.2278812504933408,0.8889834511486363,0.39721349329730893
0.6478786762544094,-0.7519374568754233,-0.121833007853188
0.4633108226397166,-0.7966050580350718,0.388282710325671
0.32178121480841193,0.3442682984126212,0.8820069095559858
-0.9612334900996294,-0.07559406734075912,-0.26517110418325407
-0.9474795927609703,0.3075373212271312,0.0877679745348274
0.017119983999233562,0.5147141492668167,0.857190906795215
0.5179875823399755,0.24282326012944774,-0.8201985911239383
0.690740289430894,-0.6841468892905801,-0.2341386051699879
-0.4678252111274127,-0.5544000052713559,-0.6883169371653672
0.2192237742971267,0.9701743679301805,-0.10345352866962694
-0.2920711465276326,0.9528370859239954,0.08243744934132011
-0.8953604924244168,-0.007865920475251822,-0.44527263098082137
0.22902054043880976,-0.513592805394289,0.8269050866359086
0.03785489974542543,0.2675165484745284,-0.9628093803331681
0.8438679289065762,-0.4354312013889563,-0.31350691765875877
-0.802256956773253,-0.4914982316663201,0.33884105946269116
-0.1859426465433914,0.18772128802529756,0.9644615338200703
-0.6942178301251846,0.7181422026564461,-0.048305083583699185
-0.11802805758956512,-0.9301108355909745,-0.347797658327214
0.045364770801655685,-0.6324877678159092,-0.7732407523749389
-0.48423281128294343,0.49971476355292854,-0.7181947782908603
0.8489297589573671,0.30444112175997556,0.43201142084222044
-0.18589893516009187,-0.9555198881282655,0.22896141442979184
-0.47764500243440783,-0.32963437785531413,-0.8143687301127016
0.9439099362401855,0.3299932613666945,0.01176774063367228
0.06443323398425954,0.9701320996283588,0.2338633524710569
0.1953845837304817,-0.025318170671619872,0.9803998442851309
0.5986206320091925,-0.37184474890599617,-0.7094961745097372
0.2961136862601941,-0.7900820853154881,-0.536737350361356
0.13021508811813282,-0.7019389757461256,0.7002326078917396
-0.8744968878486972,0.43532520606886194,-0.213885852977811
-0.28098790257131745,0.814442659681297,0.5076701219294146
-0.9931933555142864,-0.0032655933692624095,-0.11643150115934608
0.5203392329062447,-0.7128605710143233,0.47018814212150617
0.6182403928531895,-0.4915327271789087,-0.613330575429595
0.8706476097796672,0.46938602510521477,0.14713768728941962
-0.4978978565513065,-0.5092016194832639,0.7020052956760625
-0.6491153522449873,0.010390753030361313,0.7606190187809716
0.33547914136772716,0.756297712316473,0.5616649499942487
-0.34215611198797924,0.09350422597310108,-0.934979226910652
0.6061842690854552,-0.29742437727595755,0.7376173613163814
0.5352731872519285,-0.7229682782374977,-0.43680600232994715
0.005674496768120756,0.96021712731089,-0.2791968275343583
-0.8864887276431589,0.30319813270165274,-0.34958350660156173
-0.41392913715990404,0.43096955563520234,0.8018278565413236
0.8357774494840193,0.31659205210399,-0.4486039762179688
0.9991558118502538,-0.004785033526769421,-0.040801557568407434
0.2571509357316373,0.17041618397573627,0.9512264296640897
-0.5053357184569305,-0.8021603692209874,-0.31807947702243716
0.38997709099550326,0.49762361049160564,-0.7747829443011658
0.8349808024615346,0.38873480310988423,0.3894769728389744
-0.1835496773334308,-0.9787835372941184,-0.0910620836177528
-0.7706479308844866,-0.2998236231017953,0.5623233604017995
-0.7602954726226219,0.011327479102598317,-0.6494786236102956
0.8056838162444548,-0.5873225552901544,-0.07697924583428263
0.912704888348507,-0.14847719235889437,-0.3806892566568685
-0.13011782078823167,0.21706976611241247,-0.9674451247245106
-0.11600253395629338,0.6511130738218246,0.7500634487921766
0.9254381045741121,0.13443345697239795,-0.35424844424319635
0.5373101775811434,-0.6424096106554467,0.5464500573750886
-0.7307883767580677,-0.2615091453473801,-0.630524634962815
-0.8954417764930421,0.338835868361637,0.2887460462458315
-0.0968784617419875,0.8401107815608614,-0.5336932062109325
0.07179851743249523,-0.9176140140943446,-0.3909341300425937
0.5774530827084567,-0.7161424487208821,-0.39203052229457713
0.5404534927778761,0.5019785014932099,-0.6752241155222652
0.027020746616510688,0.16349468072238882,0.9861741066504283
-0.3880615469987811,-0.03849229241827461,-0.9208292888289874
-0.9819566746440687,0.07211064260072941,0.17481746007099105
0.6705331675190734,0.7091785824969131,0.21783252600221809
0.6538402592689634,-0.29160530967020276,0.6981828261503141
0.779920949131349,-0.30500513754471836,-0.5465301265048277
-0.3497691748355986,0.9366295874750804,0.019660625653446742
-0.5876814061237021,0.6986030919590251,-0.40814738122614236
0.2310233417165712,-0.06187686804304869,-0.9709786139680375
-0.41556447360116644,-0.7361177481175163,0.5342628839691022
-0.03769575490191993,0.8626094754561506,0.5044639956584007
-0.07635119793649744,0.6767861794090316,-0.7322096434318437
-0.6787070241441227,-0.7085209058257231,0.19327416119421176
0.35485292040001754,-0.9226574439524318,-0.15093921293932883
0.27702998690768377,-0.2793755079473569,0.9193496135383343
-0.9386218669849817,0.2124699006130179,-0.27174534430440833
-0.7376796929906186,0.6723825320798618,-0.06107700961196505
-0.007062695985482259,0.3987413353743401,0.9170362401722763
0.76658969760631,0.05702133417403338,-0.6396005026365125
-0.7669596774421166,-0.6413874688759964,0.01987380051039965
-0.6989917498586131,0.512488873749641,0.4987641606134291
0.38538884560635994,0.27284015171284365,-0.8814951442268469
0.9744442624975996,0.21703627472452927,0.05791057536588317
0.43061403158885725,-0.8549509888862691,-0.28918914640971777
-0.5919546725216912,0.5627869447708428,-0.5769406559389255
-0.9155983150414878,0.18416880331023694,-0.3574375153512339
-0.302841280505416,-0.9050726810337941,-0.2985474851144113
0.21334071142502395,0.24561502335348856,0.9455998102536451
0.16570697194309383,-0.1688541458826106,-0.9716117932938569
0.8929905640050554,0.42594813902753925,-0.14538237670676998
-0.16844663861769626,-0.7755442054999415,0.6084052229015325
-0.5938857258814314,0.23730972296174005,0.7687547333071241
-0.8993477829267144,-0.29774970824514213,-0.3201853784680621
0.779071737976489,-0.6075982530202404,0.15450433655093537
0.7917088474989875,-0.4822364367558868,-0.3750268255162692
-0.3766836351474847,-0.4316195948595256,-0.8196425832918732
0.055468077280254796,0.9872674237563143,0.14908496366972065
0.5524569506302475,-0.4874548473197461,0.6761501974597146
0.2988085856565225,-0.8090894277760268,-0.506051111054022
0.2391464939240487,0.9411732474980178,-0.23875064950250896
-0.7964571491267068,0.5421022045588796,-0.2679201549293395
-0.23535506324368613,0.47432850114541086,0.8483044661008855
0.8595148723105962,0.11647298502524518,-0.4976627653704951
0.9584590713814838,-0.2600290331791016,-0.11722248244464677
0.35218950039950303,0.04093950394170511,0.9350328939803965
-0.7166393608581348,-0.6240094258933395,-0.31151286147623003
-0.958602055028628,0.2736486354103819,0.07873070832227351
-0.4778347950121974,-0.878437600305447,-0.004614222064332329
0.6498588564949221,0.290799111437582,0.702224567657829
0.9266818711880372,0.11368850773829747,-0.35823963044263685
0.04414460618403154,0.9825685165177405,-0.18058339927297729
-0.12711811978808865,-0.4073910673667808,0.9043635894104186
-0.6271482378003772,-0.2957009225615829,0.7205872967379526
-0.6091357968009816,0.7874104483277632,0.09454293691177591
0.08915819907919201,-0.5545849112584867,-0.8273369275823311
0.27843450758630306,0.6267548412920535,0.7277723503281406
0.9963542731057783,0.0030867594572354592,-0.08525628645390015
-0.6326086959914909,0.3207960323423113,-0.7049086064089273
-0.5719757689379784,-0.7344537254021897,-0.3652690035996118
-0.8413837185950837,0.0947603688917269,0.5320657013664879
0.3604612839168385,0.6938754815786462,-0.6233814874224499
0.5445149333074875,0.8287403472454158,-0.1292011000444263
-0.3425227782656915,0.5999778791541582,0.7229831885284955
0.46608583458377517,-0.8708447528022369,0.1561839022343741
0.10574982592354502,0.28755590430154143,-0.9519078612021558
-0.001095634064297215,0.9973406223727366,0.07287305778653391
0.688304654597321,-0.5997896513168229,0.4080307300105057
-0.3805400901499914,-0.594626243371228,0.7082435107241417
-0.17198923884630785,-0.8494845868784898,-0.49879418438565337
0.9032577122142659,0.4064908986799802,0.13744327781231197
0.7333537777867105,0.5838417867438457,-0.34831164875397663
0.11772038026224357,-0.3336600428803155,-0.9353143256980609
-0.83474172068914,0.4228937122999434,0.3526572951721064
0.513135555752929,0.7231832042995274,-0.462274760765933
0.5768656775316645,0.3598992618298694,0.7332792860979018
0.04616740893577588,-0.9340531391643677,-0.3541374077520577
-0.8369210557181539,-0.5185560951013486,0.17510774605611135
-0.5015106208739754,0.10016658439492575,-0.8593333186379157
0.8851350730404604,-0.4560138544949328,0.09266750769462412
0.9969814378884309,0.0562292035375003,-0.053537735994859684
0.14529698679401112,0.44902084402540343,-0.8816286447588322
-0.4710965078819397,0.41403609977862094,0.7788723825772418
0.16120500680189115,-0.6447138067637002,-0.7472329309862222
-0.6360563764838955,-0.7419216673094283,0.21209555749938466
-0.2711457974611982,0.9382586753859284,-0.2148269410064152
0.31343729532626347,0.6566104741857169,0.6860173081549508
0.844168523406047,0.3511676062160274,-0.4050442154073544
-0.9106222130526982,0.1080631744016054,-0.39886029563401554
-0.6969905021367514,-0.3334848461348897,-0.6348165855816528
0.5233451201122046,-0.14799469256726078,-0.8391706955242562
0.15168619157866997,-0.48879938717257737,0.8591079433831769
-0.866355588146879,0.4985580920351679,0.029458848465757442
-0.29285297845597197,-0.016537379563477415,-0.9560144601869991
0.11636626416104077,-0.8106998718532706,0.5737809776755355
0.9504581191343038,-0.1406935681852932,0.27719069905567084
0.02501023619299042,0.41565543142884426,0.9091782280770212
-0.558134732849444,-0.7915581957499519,-0.24883979329713435
-0.8824234819211507,-0.35803714697395855,-0.3051855172528678
-0.6444859691490975,0.46242038942241576,0.6089377792651478
0.5930666955361037,0.4630264181670432,-0.6586944896727807
0.8365659144248572,-0.1435193966343845,0.5287340102662255
0.34048289442388957,-0.8672959977459854,-0.36313778500525923
-0.10220084092087887,0.8395794793508401,-0.5335365835329733
-0.9544055151631449,0.28554941156355157,-0.08701520661287566
-0.09187776208179427,0.6765685793826917,0.7306253720114897
0.6104382777269777,0.09122807543744411,-0.7867925694474377
0.9140163045265934,-0.12012768218676467,-0.3874835932423269
0.5883550701449723,0.398906519650528,0.7033575904296531
-0.5829835279947085,-0.801529959497361,0.13296589831607722
0.23058198150401643,0.956786659028212,-0.1771757289001889
-0.8570848942965482,0.36666169338385646,-0.3618904344875083
0.1173415370398211,-0.36757851239434974,0.9225600256411987
0.213495304225142,-0.976943969781587,-0.00048474860254750854
0.9971950946715539,-0.004551570316198891,0.074707605842025
-0.6211687696623367,0.3635208055794881,0.6942636268068627
-0.4751215488407985,0.7895059498637657,0.38850980548350894
0.7296867377801722,0.6802597923826379,0.06931002507040689
-0.33026496135384364,-0.39516158583249505,-0.8571886469058556
-0.6268842182951107,-0.2151806243318225,0.7488080366587254
0.09346504634301507,0.7965215410884072,0.5973422132197311
-0.3497597868865571,0.028659438214038418,-0.936400944082355
0.69195347229251,-0.25347335991818976,-0.6759819879213663
-0.1943743453567423,-0.9682198777511551,-0.15738132733801638
-0.631409974499575,0.7479346309631362,-0.20473209789498853
-0.7683410664923014,0.5700015613848715,0.29111891996275585
-0.6580703551516977,-0.6755986877895575,0.3324301742133927
0.9035595271359582,0.1583215900095405,0.39813873845519526
0.7788819293939792,-0.5407910541783302,-0.3176286759475642
0.6375079553120854,0.06547208519602196,0.7676568328191243
-0.903735117702968,-0.42568581866496824,0.045325719166254885
-0.7407792758088829,0.6557999400752847,-0.1455077425064378
-0.2028664163917528,-0.11359037397156274,-0.9725957248730679
-0.10915152327940705,-0.7141536185908093,0.6914264632044667
0.3834316454389316,-0.792886112458594,0.4736156521339757
0.3379095137701888,-0.5617408991318256,-0.7551584752528192
0.33811464385829293,0.913720765790456,0.22537269082983896
-0.6531759680314887,-0.6982623539064771,-0.2929007338726099
-0.8745935731087361,0.4808643385912179,0.06209323431843615
0.7481190326077545,0.2559954357893698,-0.6121962511360619
0.8166892451802619,0.2963591949508298,0.49516654205932586
0.5541833936358025,-0.8320813731286895,0.022833193175285003
-0.2674491041523736,0.48307980601910605,-0.8337294991210492
-0.6394469362862584,0.09200789344767342,-0.7633100046622205
-0.0819883212765132,-0.9406283278825849,-0.32938771069830675
-0.2771671716752651,0.31094920993551006,0.9091143755248929
0.17288244471424363,0.7815671519974552,-0.5993867259359462
-0.254444636512408,-0.3554324278710387,-0.89940297762892
-0.6298652639509917,0.10500944569955159,0.7695731060671366
0.23292614048190532,-0.5936850501319992,0.7702489690547913
0.5273254392019244,0.6092404701157786,0.5922448233151577
-0.9614709333665833,0.1322028317596276,-0.24103123359001982
-0.6772099945124861,0.43037409674627447,-0.5967954089821962
0.29930998755143484,0.9540255057138962,-0.015775480953193803
0.5357076097946994,-0.7704293907843953,-0.3456239439385467
-0.46941727066005984,0.3978376747192643,-0.788271914113416
-0.8643676412887894,-0.5026476255354031,-0.01462686693983438
0.29797913740565873,0.5983756501451984,0.7437439176116268
0.8170921794471089,-0.3422627323689612,0.46391442348530887
0.734377382372826,0.5077164610823447,-0.4504596046320424
-0.7305479088951808,0.41600745586533355,0.5415141267532465
-0.8985714858772338,0.4381562900628799,0.02425593219633958
0.07506545407212908,0.6897674917318198,-0.7201291446365289
0.057821755894312266,-0.9871366381903597,-0.14905670762341933
0.26532287061483106,0.900411025778562,0.34476623817465535
0.6733114606544989,-0.2265445892990713,0.7037962958204741
0.10542775188213926,-0.20017298176356388,-0.9740717460767261
-0.6771114600429181,-0.6565905849218178,-0.3322783087572417
-0.7041631370827498,0.5929077541990183,-0.3906592778681405
0.9416175403624515,-0.0600164605033858,-0.3312920647259945
0.9326001302126813,0.36063858321563036,0.014028878198654487
-0.14529263097375694,0.9827384881146105,-0.11452124415554261
-0.32739633026648585,-0.5370181384483109,0.7774465653056477
0.6607204905019992,-0.5262895033272732,-0.5352268604230636
0.6060035242925067,0.7108860583621873,-0.3569324033641859
-0.12075312851369113,-0.21071022043266274,0.9700617944024877
-0.9274109336363451,0.19100995837796517,0.32159626237288674
-0.4384870339585981,-0.8969897066362631,-0.05602309558371273
0.7763064451823958,0.21815383454917775,0.5914027457154404
0.9904516435346774,0.007072905345549552,0.13767903191637068
0.2637899151878046,-0.9255003842714413,-0.27177917388686196
-0.41285093257122124,0.6764580223295602,-0.6098841295697512
-0.5449938825989371,0.2140963080866975,-0.8106444589296727
0.005843510087973892,-0.8656482622286598,-0.5006185568777423
-0.40147840220065745,0.1305991027184637,0.9065092205463434
0.6835974851459917,0.22878150195631117,0.6930753946467079
-0.05528920162816012,0.9977189442898067,0.03872999339729016
-0.7468766293585996,-0.6211217740721678,0.23745113663947753
-0.8278453058053103,-0.4842680687995785,-0.28311938682689813
-0.5297679037633829,0.7194670724765969,-0.44912481535104054
0.8902360804586388,-0.33099343162103684,-0.31292661963049734
-0.6625339774311902,0.43751772245070625,0.607969547996241
0.5016540950413282,0.056846542259822795,0.8631984937205163
0.2670297894367768,0.4631240001948312,-0.8451102010962172
0.24582515305777478,-0.6406356841191956,-0.7274310375267553
-0.847618621090399,-0.06674550964021159,-0.5263912139499282
0.5346556917434734,0.837310470326993,0.11425614892467631
0.1511659706013528,0.8525916522247117,0.500236268066288
-0.9188291164838155,0.39224754939020623,0.043530617948161474
0.2694272978209375,-0.8666382666945427,0.41993695466056147
0.8073937727712794,0.5160081165187367,-0.28609599678594866
-0.29914168904623234,0.9482462151538333,0.10650523612009474
0.08146148345727393,-0.6586040802208559,0.7480673046119449
-0.6406553062822463,-0.7626797576709362,-0.08877142429522651
0.5611849119371322,-0.7060495981301431,-0.43193223958669313
0.1724210628834324,0.3898464976654171,0.9045942103131964
0.4810326671326095,0.6754265860156675,0.5589333592249689
0.9445402641074634,-0.08948872589974169,-0.3159674942405375
-0.7657442539099699,0.2954503284318566,-0.5712659984922713
-0.5090281141445928,-0.6787002806093712,-0.5293923952147028
-0.4108242538462193,0.5532083274103964,-0.7246957837158214
0.9833008888760296,-0.12296690014416739,0.13415850105209204
0.3213940469640696,0.39069581601275505,0.8625906595403088
0.008550409335429731,-0.7937105876225976,0.6082354754500818
0.5650806091526508,0.09522855360190546,-0.8195214626466826
0.12310299978238187,-0.18145525476044466,-0.9756636930645728
-0.21466650296355735,-0.974274183242712,-0.06861565690236743
-0.6467696100112663,0.7065191033931867,0.28726264655600786
0.810222172123393,-0.5845889340379281,0.04237699847853527
0.5614060888823178,0.4564056785527391,0.6903021511995111
-0.9001453602286806,-0.4001680652132427,0.1720576939351116
-0.729494531281609,0.46732915387272417,-0.4994408781535902
-0.10891276274589202,-0.5730655757308145,-0.8122400236527175
-0.16772366845357012,-0.3040218622352232,0.9377843453179967
0.3439393714546713,-0.45061077272827943,0.8238055840212474
0.41283007592156346,-0.834467074521645,-0.36501510921314395
0.30712928776152515,0.9274282316862787,-0.21342088855208213
-0.629602948899463,0.010097914379941175,0.7768514393771021
0.17655419336095274,-0.8832969296644108,0.434298458265843
0.6732391458587383,0.7336537010118795,-0.09220249169609294
0.23234085635588486,0.18991823002847902,-0.9539123609486689
-0.5945180927591646,0.7738116585078888,-0.21854920393192015
0.7229541800796716,0.014932018710695164,0.6907346004961334
0.26462467049728117,-0.10537090673155095,0.9585774646729267
-0.6848718882414585,0.5513795741345906,0.47637281820412114
-0.20262091586148043,-0.815027235221067,-0.5428400964403408
0.05557169883202771,-0.2981513600633669,0.9528995502052076
0.9696553799936114,-0.22219115556573749,0.10197810763986156
-0.3565283241371515,0.9112196744285022,-0.20631592042876534
-0.45482963202880566,0.041713062102345926,-0.8896010489419327
-0.9631376104570522,-0.11600115532536588,0.24271315433296958
0.5722902951307289,0.766302963316269,0.2919992919715524
0.5926224180503531,0.4034075238009993,0.6971807795435117
-0.5311271192452199,-0.12846134349505672,0.8374972635356601
0.3522952953962384,-0.7422181950656326,-0.5700878666970485
-0.5509063816228554,0.7986956628609316,0.2420483356983676
-0.32728053611837254,0.316189643823281,-0.8904558157578495
-0.22139131320959943,-0.8867758865487227,0.4057270184139279
0.8037944976251399,-0.5857171473831818,0.10416251172498232
0.26244119100074303,0.15842030790687317,0.9518548352079759
-0.8657834726072254,-0.40667134898216684,-0.29161171526054697
-0.9663585227603013,0.124139543748693,-0.22525669616327626
-0.3333998372522535,0.5476612297414191,0.7674058417540794
0.6957371723027621,0.29921335045884434,-0.6530093092623945
-0.46151533421357926,-0.8223286801421452,-0.3328350013165764
-0.9203760036316493,0.09919103916047978,0.37824482770990825
0.4152537933419159,0.627196451920317,-0.6589301160318252
0.7934221842950739,0.4798661608606211,0.37444586408361125
0.7645190161430522,-0.553732841611808,-0.3299857785968537
-0.6383175578711237,0.49697357613980175,-0.5878502870053405
-0.8327876797542554,-0.010253980460762507,-0.553497548625316
0.11864175642844679,-0.8227579008618293,-0.5558719008917515
-0.07665301746648101,0.00716846633191906,0.9970320596669554
0.6611972198350708,-0.6149391743758944,-0.42973020408189405
-0.5759504380356265,-0.5500313738730068,-0.6047698576168808
0.12880467361682285,0.9884052158891541,-0.0804020227206908
-0.3634319454372523,0.4995378446069718,0.7863708812266097
0.8120351118728948,0.1302636962913688,0.568885178673241
-0.11933929520802698,0.38001758205823205,-0.917248477756091
0.15161910519485372,-0.08723640974724171,-0.9845818684874931
0.9713174639049389,-0.2323519917232365,-0.050546377273971904
-0.6985270772357673,-0.5656548983116488,0.43828581814210504
0.5870761830882767,0.7960412886500309,-0.1471727624762765
-0.4339702170293127,0.6982827021377567,0.5692724467482367
0.4036395756291036,-0.8467744788376993,0.34647954481484156
-0.4837672422923853,-0.8146374348025599,-0.3198985856535246
0.5476455925933332,-0.28272852799862436,-0.7874953233948935
0.33238390489261244,0.03161559390067985,0.9426141278331479
0.4763254127850493,0.5064365899804101,0.7187740127913406
0.8236036824811469,0.3195228676132768,-0.46859589336194807
-0.93299098443352,0.2627729787110189,-0.24592312747098297
0.012635436807799993,-0.4512245667003616,0.8923209826865817
0.8965388938846263,0.2569968159589788,0.360791696604949
-0.7349236411535385,0.6446132057848369,-0.21062064618982743
-0.21871314370552952,0.027193486003848938,-0.9754102086247626
-0.7812319991050197,-0.6208557428253298,-0.06492079924941066
0.007599207724815232,0.8526276256145705,0.5224637634140905
0.1352460973901887,0.460227888274353,0.8774387636725729
-0.537720324576948,-0.564237133573542,0.6264928647906332
0.7975995003308722,-0.3194199973525229,-0.5116697199984158
-0.12851564862490977,-0.42460004432382276,-0.8962134402131707
0.8338158020966397,-0.5419068600643497,-0.10530034752618084
-0.687096770945057,-0.14515972289117113,0.7119176091424022
-0.06712749249400493,0.7723268653101545,0.6316685150232342
-0.7689691467602714,0.5193807963331035,-0.3727332018095132
-0.06278668650431282,-0.9311683532786585,0.3591424924039489
0.004930226804647789,-0.983953323656713,-0.1783579258921858
-0.6331145959590907,-0.08455177059589716,-0.7694263489591815
0.8627310423068143,0.5050149095708218,-0.025594721162229963
-0.9331689561869597,-0.22293757375594775,0.2819477565378936
-0.11318979218525763,0.5475663136584984,0.8290712895110415
0.1573448809232348,0.3757612826944583,-0.9132612150283556
0.8968374573538782,-0.24673650735532845,-0.3671561943167029
-0.20937417015191345,-0.7954030132178088,-0.5687675302241046
-0.3550754172765338,0.9215217795863551,-0.157222955683617
-0.7367814018614528,0.6630745730314848,0.13223190413128932
-0.8133493557864855,-0.5268054478948314,-0.2468579460135627
0.6065965464918993,-0.21473003219609255,0.7654617188711439
0.1923934985201241,0.9158063309535811,-0.3525386587489758
-0.8965148290898075,0.30021827347409535,-0.32577622610360385
0.21774120083389953,-0.21196262427574672,0.9527122416393893
0.23164228282795174,-0.9633194994649513,0.13548946363777067
0.9995182558727675,0.01066606158603857,-0.029146034160816736
-0.554476082065981,0.46994580313779083,0.686809447030205
-0.44871948656835386,0.8408421755685869,0.3027131615224527
0.719339655583801,0.6846396276474122,-0.11755441361085246
-0.4077749275650129,-0.5305601256404928,-0.7431188071430388
-0.48093500782158893,0.8764708289219822,0.022369718381361155
-0.7506106025328132,-0.18016416940436947,0.6357079482184889
0.9699904218007634,-0.030788847608353792,0.24118587951562703
0.4911927485297911,-0.7284884978260885,-0.4775292580846102
0.40216567840182804,0.4828015272729977,-0.7779238088517784
0.21497503548805236,0.18656584128554587,0.9586338826592387
-0.17442509713790907,0.5416237922558346,0.8223256977322546
0.013142598253601232,0.9366929733173364,-0.34990505262009597
-0.6599792646477498,-0.700171233924821,-0.2723740322042633
0.8912013748833362,0.44306777761895344,0.0972165307026164
0.6358950221811936,-0.7420753069431718,-0.2120418816893884
-0.6663244026362607,0.3794846931626913,-0.6418747215046315
-0.9442422265004278,-0.161984174060496,0.2866491671843016
-0.23730120393283666,0.855656601798556,0.4599346892881354
0.23650093560535052,-0.07910768297350473,-0.968405535895142
0.6987854244645242,0.053243282831121286,-0.7133470988160671
0.4511208899727012,0.8692641247490493,0.2021628651718883
-0.013105443426775817,-0.7904447621309076,0.6123931134266618
-0.31320838938362305,-0.2599368479504474,-0.9134184911076098
0.5176888895579118,0.618288681847881,-0.5913690214469355
0.4073421478444906,-0.6950209292103062,0.5924679590906833
-0.15596192674304288,0.1838176533932237,0.9705086025933033
-0.7993333981328261,-0.5657017137745977,0.20260229431551818
0.8881858613036985,-0.3537937876000083,-0.29318224986490493
0.5899615125188916,-0.30830823043048317,-0.7462515988560731
-0.5938594831975753,-0.6300321484116155,-0.5003902538860573
-0.17402760797487848,0.9783171161356897,0.11229430946619337
-0.2569495852282582,-0.07310255207742733,0.9636560213742209
0.8718964789026247,0.14171545813911962,0.4687358093869341
-0.4537645822433251,0.6800214757506592,-0.5759066733590055
-0.059877754111930234,-0.2857046938251304,-0.9564452323519625
-0.9212900113157277,-0.38503693483068396,-0.05450939245724146
0.20605275794231778,0.9552865360243794,0.21206106440105085
0.15085196387763938,0.7054687351793911,0.6925009376734803
-0.7716968470463254,-0.13666929159994562,0.6211324182429454
0.7173117500691986,-0.6747555975093719,-0.17369149905056933
-0.776667784716895,0.5968631314922352,-0.20134933436252844
-0.012811390596572624,0.010109807945851826,-0.9998668211588381
-0.14307689122911,-0.8140523471958107,0.5628923335960481
0.8118609829782923,-0.24883428421126513,0.5281697107167242
-0.18350074844105235,0.41724899545489424,0.8900734526506535
-0.5529108638992967,-0.722704420874796,-0.41471423490176806
-0.7963993718905763,-0.2546440458794348,-0.5485475825764321
-0.7319256567949808,0.5396951393359067,0.4159495035487268
0.8030704347998706,0.3849655651751414,-0.45483996128279064
-0.07822539699263678,-0.9774158788680896,-0.1963134916450328
-0.989125560889993,-0.146262793539311,0.015421414336348863
0.4778741861493579,0.5915534553173903,-0.6493849179909746
0.4382954093831102,0.7816728474669495,0.44371690710023964
0.9416299119934707,-0.315953779891239,0.11621668473849539
-0.4519697980386198,0.12996535770292386,-0.8825147633088528
-0.515430588511822,-0.39649828578795565,-0.759684419870231
0.5241774766108072,-0.8250334374477696,-0.21108718603232113
-0.46523749635140244,0.1721933546645383,0.8682761776059801
0.5013151819970233,0.43328148736296246,0.7489661147260471
-0.5219443705699796,-0.28455169703493044,0.8041171592155268
0.4834039400175814,-0.623300326549817,-0.6146684746254438
-0.3841689818990058,-0.003079879956011021,-0.9232576605076926
0.5958237263420492,0.6398081654006503,-0.48542723307878877
0.3017350556627851,-0.8626292044303802,0.40598868438416524
0.3994364780331993,-0.48028433238158724,0.7808824880128934
0.7964579588781817,0.5640966231244888,0.21782956530083078
-0.9490270591077373,0.31093635207267356,0.05163551143406658
0.843173773174835,-0.33057832496335837,-0.4239999519982659
-0.3123333179031338,-0.2963683406541038,-0.9025595299954197
-0.041039948933084505,0.9410124934447447,0.33587380036625947
-0.6178710498933931,0.10256691422136381,0.7795610263544114
0.623722497826409,-0.05180781992137105,0.7799270449857346
0.02346147100875668,0.7125167594705781,-0.7012627373899538
0.38408991661458736,0.3368363159535349,-0.8596605331233078
0.9832712012597706,-0.11447042369181146,0.14168368598037206
-0.662905607541589,-0.748390027247258,-0.021645383035767116
-0.4138465224731122,0.8438571289306778,-0.3415204266069384
0.777482631692345,0.4694332825436061,-0.41851302328252604
-0.3643837318760874,-0.8801904110983468,-0.30412059475572983
0.10781960481449787,-0.7181212458600384,0.6875149518825548
-0.8908147481300009,-0.0013530785935221973,0.45436467038316547
0.1476153273546119,-0.22108804171047824,-0.9640175273005239
0.017554495888570887,0.30731020464842246,-0.9514474645470672
-0.8622009241870914,0.49973836084424633,-0.0828923219100015
0.7501229300394255,0.2562842271699108,0.6096179006008506
0.1059901929573245,0.5485188042728393,-0.8293932724323025
0.5726923260696049,-0.5841481194594965,-0.5751473499833926
-0.9192864710646926,-0.2365499140823139,0.31457355620756494
-0.05116193378212629,-0.10214187630646085,0.9934533172908876
-0.33407177427243495,0.8956467532342344,0.2936204064016011
-0.5083139405571391,-0.6341116135607638,-0.5826829321188649
-0.2536270162152317,-0.2929827945555072,-0.9218646423093816
-0.26170707244972213,0.8604510306873003,-0.4371880968404314
0.9156443681597766,-0.20836938082052409,0.34376967899126143
-0.9837719969299665,0.175689956635677,0.03641012488003614
-0.24443103885891382,-0.3214035876898855,0.9148514639341307
0.6244788760744625,0.7578004443299247,-0.18911536138067855
0.8297087955024501,-0.2955634643866617,-0.47352460673720836
-0.21772304941466636,0.1879759080064391,-0.9577378199500808
0.06774854680831005,0.6954041453735533,0.715418205668992
-0.46008081722598637,0.5662548499007904,0.6838721273633703
-0.772031376628352,0.3756623881782905,-0.5126844288736642
0.1405735624731355,-0.9724340206138233,0.18604071889359491
0.6111935093215306,0.5558631025815921,0.5634347392126247
-0.5349905365025817,0.8323465953621394,0.14485948723412886
-0.2652215553252925,-0.9098666165643207,0.31906154054136376
-0.17843234806482308,-0.6336706730276875,-0.7527438975566066
0.8685402215756204,-0.4885715942222117,-0.08328073501440074
-0.590356810661625,-0.021959722447098318,0.8068436073338379
-0.22274557535568373,0.36781980928794644,0.9028250088222213
0.8899902683676727,0.010862360061916883,0.4558501193865402
-0.22896200734843383,0.5332637440602563,-0.8143747162466508
0.28696920025437467,0.4639931744074594,-0.8380686202266813
0.9873287923335063,0.09166635594210368,0.12953430054451048
-0.4869373334764976,-0.8709013325147434,-0.06650490426158359
-0.6342502248628634,-0.14397218214301832,0.7596042805503301
-0.8722156060496119,0.30165600844498147,-0.38502414097371784
0.5361979148739109,-0.7720655300696903,-0.3411841341022151
0.6801374036021541,-0.3452067420928787,-0.6467189632560199
-0.32551491787924597,0.3640194045659836,-0.8726568118896996
0.3008672181135015,0.5584969789409712,0.7730200783798897
-0.569135530666065,-0.6468855674817099,-0.5075665575245502
-0.5397021119446165,-0.4293000741430393,0.7241706129796358
-0.03507476763654001,0.9709870998767658,-0.2365455823898436
0.8653107058270457,0.4693120572062257,0.17602151954224235
0.439173933430849,-0.009772350433925155,-0.8983489062507243
-0.8595468629913745,0.46666158221484355,0.20834144572414298
-0.9997298237253747,-0.020696353763484738,0.010580193520333916
-0.22013455358271583,-0.3346533524902863,-0.916268471566031
0.5062527749182328,-0.5186142367844345,0.6890191588715712
-0.4312287876761675,0.8021887303057181,0.4129588038168486
-0.8249377064955301,0.11257643781711268,-0.5538992020668599
0.19757947361158026,-0.7964498005095726,0.5715155876051261
0.798945200844299,-0.511062120340834,-0.31702062267397274
0.7320542211716122,0.36073669407232645,0.5778976162042829
-0.7972405964915363,-0.5005685189069593,0.3373997468658094
-0.9249735481496785,0.026902563809317763,0.3790780754460484
0.08541253626850039,0.6739373808401053,0.733834521778964
0.13533172210548158,0.19581767515249981,-0.9712573104434451
0.9178776654995321,-0.065151679637016,-0.3914790541237226
-0.06767273211436285,0.5817159829942147,-0.8105719687092888
-0.10761441388960005,0.32038954176692036,0.9411533772183898
-0.800456596752907,-0.3951528913249017,0.4506921667749775
0.39251325727089975,-0.7682199954231944,0.5057384516709951
0.2252005791671584,0.9611381418073044,0.1596814688872138
0.6063842568170972,0.7742965026334414,-0.18100568801559175
0.9073377180853002,-0.3988861018679899,0.13277101745606879
-0.6500095949568846,-0.28591265282866696,-0.7040891146839731
0.3615901095763172,0.14455302758274632,0.921062980948235
-0.8110132643554442,-0.11846075401711026,0.5729088363755824
0.39997961001014765,-0.7137764315346234,-0.5749256624658784
-0.05315759867750585,0.21763382290188046,-0.9745818533258015
0.9015586087221038,0.3912102855410525,-0.1847879528701822
-0.16196759917646295,-0.9401827075167914,0.2997048102773928
-0.05837775715407543,-0.6561734471009363,0.7523486191848394
0.8334366332689327,0.18976237698507342,0.519012156511118
-0.7455396174116973,0.6520329323742581,-0.137926552806362
-0.28591364069255987,-0.9200553177966451,-0.2678648955351186
0.5278690498715815,-0.5806796484786049,0.6198107872814392
-0.6919519518306676,0.6610321157333453,0.2902396222551748
0.25847277234466076,0.9430240626200124,-0.20951716702006093
-0.4733029049641012,0.1680428756839771,-0.8647230493541862
-0.45434290777629477,-0.20019414722281417,0.8680407971812796
-0.40929966954253155,-0.6777756563230047,0.6108141617614105
-0.6009503777775627,-0.5113401142307443,-0.6143207069825124
0.9955451567333105,0.04360423285917787,-0.08359731922502614
-0.20823590722621882,-0.8429797143476048,0.4960070646070518
-0.004363951017365277,0.30386328028137877,0.95270565382397
-0.6340698516315716,0.32195822355144027,-0.7030635288076872
0.46010252190407924,0.5083793181365639,-0.7279121775520097
0.1301196009107627,-0.6982369924028924,-0.7039417532004951
-0.8892335453114725,0.3169689748793648,0.32983991701538196
-0.7732694822886028,-0.1280591544022801,0.6210114014532174
-0.2102767635921144,-0.9711849117244541,-0.11217642324477237
0.8613698116510615,0.35797348492420544,0.3604123078745152
-0.7225184838403873,-0.1705432931077293,-0.6699865861977827
0.2039775807904456,0.6690982670458421,-0.7146332315048947
0.6050768767472702,-0.7500887642292903,0.2669247440810706
0.3338848460720563,0.09163317642213578,0.9381493860479944
-0.6336565279634797,-0.5784807856395497,0.5136529813162939
0.622936756681953,-0.32868838027661074,-0.709868822984717
0.14775314381906768,-0.2389564982447941,-0.9597232936832197
-0.7908573312762017,-0.5767985525774344,-0.20456810922345792
-0.050827916540512,0.9640780962804252,0.2607104661736112
0.9404031110752341,-0.2512976842204293,-0.22911015382446487
-0.12736142258339977,-0.7086675698133457,-0.6939519749466669
-0.2887298553518492,0.9522566363208939,-0.09920871539999328
-0.7149385497565612,0.25403777510457004,0.6514043896781052
0.5206114584253481,0.43161392764589707,0.7366635099000862
-0.05019276322581459,0.3427982892364616,-0.9380671721237838
0.4011219897808973,0.03936851965233559,-0.9151782716906018
0.9596477917955374,0.20545271948879706,0.19200337433651143
-0.4731176848960116,-0.8318384482379844,0.2901800342402288
-0.004257281272036062,0.9984002232792911,-0.056381466033018024
-0.7110417158850585,0.25170007563710595,0.6565567379865254
0.8498644705359645,-0.47201516751279426,0.23437590182971768
0.05949635821005435,-0.9097771748327973,-0.4108109973126262
0.5414737593707813,0.1684793680606756,-0.8236630806651155
0.32835036908905557,0.13589157115484718,0.9347296486194007
0.14806568586872154,0.6219773700470481,0.7689087747045045
0.438464531136495,0.7853166330246093,-0.4370659456307992
-0.9269523435552768,-0.31804158315211223,-0.19901985871635525
0.9984094215262472,-0.0312530900249087,0.04692410224521296
0.1941771132491797,-0.9699613346205679,-0.1465273286158661
-0.4386461472412574,0.6000838341941219,-0.6689461483925913
-0.8909347238663492,0.3327227469281011,0.3090807200163261
0.22298347044456346,0.8981280512884567,0.37900445300457564
0.11866189756768607,-0.25869843856904695,-0.9586419936282642
0.601053800708767,-0.344025215945658,-0.7213743684433825
0.8202568185039547,0.5603186650337031,0.11498584831455999
-0.3549508310612634,-0.6367349160779924,0.6845279791039008
-0.4471015360558215,-0.14949265211235024,-0.8819025815933077
0.7172449408239868,0.24640678814039804,-0.6518001147750194
0.058554427062092754,-0.7560211436380496,0.651922855438928
0.001967653857690141,0.31190439656603774,0.9501114543784177
-0.9601615223383613,-0.09631305009229761,0.2623235547997908
0.5960648046582007,-0.757495688863624,-0.2662837396477764
0.3318012105710689,-0.6107498371977259,-0.7189524275127834
-0.8476341910370061,-0.3063153026846255,-0.4332288235173953
0.3184350457931222,0.9477171442225115,0.02076863398154532
-0.29792391956611763,0.6026924627766733,0.7402723373614265
0.12092343008813,0.9093303961930261,-0.3981152529295445
-0.6300982980223875,-0.6943665520584869,-0.3476078627012042
0.47412637385114303,-0.8095586015934082,-0.3461488873373586
-0.03931899055899839,-0.6248567948578695,0.7797486793200562
-0.7982892908682417,0.3461291362505394,-0.4928781077746658
-0.7308877021651032,0.6791391437772515,-0.06762536664090513
-0.3694759737232887,0.014862368444127354,0.9291214209377903
0.9334490480462432,0.26142438749173846,-0.24562199479307975
-0.792277543489936,-0.5988005108442744,0.11719318365070716
0.24854211875909415,-0.7989354741589638,-0.5476576698386794
0.49857568998132196,0.31360933738780594,0.8081283715244935
0.4190839487641375,0.8982528503916964,-0.13232709719271477
-0.6733618606675492,0.6162507535410308,0.4084345888369979
0.503575615749964,-0.7046943160806585,0.4998174867945873
0.029873727055333987,-0.9328561549932395,0.359008293111806
-0.8860027326665233,-0.08596850487994176,0.45564083868345306
0.12343509869277616,0.14963818401432208,-0.9810057034979972
0.8671849949456798,-0.2571334033197609,0.4264652359082255
-0.2935465014093675,-0.5975278661722041,0.7461842270230674
-0.1417214369427672,-0.1907699328877631,-0.9713505376623187
-0.6106482269252194,0.66120781814273,-0.4357900459854678
0.6402327723448291,0.6472821432041401,-0.41367598951922396
-0.07125221235213838,-0.9665007089794009,-0.2465755498366397
0.3268020572413636,-0.9369880942756759,0.12350597786524166
0.9924186261593863,0.10601972151839445,-0.062169840767677516
-0.5735158039961851,0.414057149171346,0.7068495595151114
0.3679975059386937,-0.8444183671820596,0.3892755538028111
-0.6876521154785569,-0.6774320991232533,-0.26119019728031156
0.5569559393160041,0.5234979563499998,-0.6447867642546651
-0.1925496082718147,0.9806705016353323,0.034785278160109796
0.7182688866811079,0.34110854606222485,0.6064113836573293
0.1618889882908231,-0.4344997457354086,-0.8860033444779083
0.20629376652792164,-0.8313226724332448,-0.5160867138283752
0.7701927236881825,-0.38565009585045096,0.5080129643506324
-0.9196057869487291,0.1284555464383792,0.3712470460483504
0.8888419476045599,0.2578642786167072,-0.37876906683626876
-0.14427875297139173,0.9539981015727734,-0.26281412373874496
-0.04948857389377065,-0.34603856726259846,0.9369141855158395
-0.752999896431541,-0.644716120772441,0.1316521157833166
0.45200121493088596,-0.886035382454454,-0.1031319675939148
0.20571520094984205,0.6636598658011954,0.7191917954363114
0.5670301233336278,0.7576833093903349,0.32309881136203633
0.9266766590172028,-0.32987928054940724,-0.18013891832949436
-0.6897692827359758,0.1719306790406105,-0.7033193998451428
-0.2855052459516804,0.3939496152964024,0.8736649558851992
0.8722789544211348,0.24420481050286402,0.42366665693824895
-0.34968343489432663,0.39332691178312973,-0.8503031434892212
-0.07491074780537524,-0.6759503543962673,-0.733129932723252
-0.961716195913579,-0.2694014478116989,0.05024757142862395
0.32242860229453163,0.9214427037295262,-0.2167559460914857
0.2249312725221665,0.9207610737212957,0.31875534154138563
-0.7964360781422114,0.23813654166582854,0.5558601991120541
0.6282639972665172,-0.7522692073291088,0.19843232963187205
-0.3348932313860982,-0.583141093559255,-0.740130386198468
0.600087703363363,0.24799128310847968,-0.7605228936556047
0.3069595755423585,-0.42198701487380097,0.8530549679011039
-0.1407685963892833,0.5921947651923849,0.7934037826663842
-0.8683871829424945,-0.3324389379641796,0.3679511557618036
0.837439408429685,-0.5430874674440487,-0.06124736658949956
0.5524475894829368,-0.659136434309216,-0.5102360452189015
-0.6657346954298298,-0.7100279679062946,-0.2294724386322014
-0.04604578415913626,0.9473047980941836,-0.3170069482975228
-0.005493738985463431,-0.7585375806201404,0.6516061368794063
0.12129233554820404,0.46567089940692474,0.8766064012901158
-0.7836066596165264,0.12667387780475298,-0.6082058300333332
0.25516801899934494,0.4153701384888385,-0.8731305344172274
0.09682902604730557,-0.7950251335475238,-0.5987981101694227
-0.8522780954876662,0.27882253238217647,0.44258337450463126
-0.6296391662389063,-0.09360633084562058,0.7712278360922894
-0.09632844561423257,-0.9919052656537206,0.08273315256877281
0.8559327827486546,0.5013089205825719,0.1267613409540973
-0.7759718040156269,0.6306157492351819,-0.013839660013299124
-0.7361672221091186,-0.5526849617274564,0.3906368571607954
0.8337655479621746,0.26261216658082265,0.4856643501380978
0.8219689243713278,-0.4014787618830942,-0.403957783839673
0.33531243684082174,0.736431402936087,-0.5875664715327591
-0.0770714190724821,0.05636720102177829,0.9954309293020407
-0.5362358120851635,0.27267191636291815,0.7988123558535754
-0.2783546808454813,0.9318154967950925,-0.23289171643475223
-0.2658792245202836,-0.8178405757144909,-0.5103381532704396
0.5569128891837961,-0.2986309110081852,-0.7750274916745715
-0.6445149700978379,-0.5492896153672816,-0.5318659340185712
-0.09998656679275039,0.9783995853613553,0.18093351769566257
-0.13166267210657587,0.19914345660193541,0.9710853847455378
0.9250545816939608,0.23044735749633988,0.3019404515959484
-0.5221364500228872,0.5158133897780112,-0.6791981113660538
-0.2126480204241511,0.1689863511240111,-0.9624055447385381
0.9075508959616271,0.0667169284629443,-0.4146085173940814
-0.36422797456551437,-0.818724174560908,0.44387915983233867
0.32786190916346625,0.9414981867690771,-0.07802392472970605
-0.3142548370723992,0.41115625533225814,0.8556836045395254
0.6560494209519033,-0.7520924875598255,-0.06289711777773327
-0.40454054685565466,-0.8311669131147074,-0.38145577527820473
0.2575691722633676,0.05590210896857173,-0.9646414233861356
0.6472389931103286,-0.07588860028956482,0.7585002347683345
0.6047407510473616,0.45635281296040264,0.6527102987741199
0.5131389097416194,0.6299676537507616,-0.5829487237630278
-0.9889665083708962,0.03516421137890604,0.14390525896845438
0.4293844655630713,-0.6072462469698681,0.6684915678407063
0.9002970234327912,0.41681516593254964,0.12542083976228685
-0.8681296620049173,0.4408865437410624,0.22796917663422858
-0.567321967462072,0.16987011769367533,-0.8057852867542945
-0.6164342219025626,-0.7874046334310068,-0.001671322459634722
0.04024943312667641,0.6898550476374902,0.7228277778157515
0.3627485158736452,0.2835435375622242,0.8877029776553458
-0.14827317365620563,-0.8118632934694856,0.56470617022554
0.5943740481622188,0.03369154663487756,-0.8034826510613694
0.5887632969408741,0.13683121169648935,0.796639818036346
-0.018578903354345318,0.9930826883522735,0.11593790771430673
-0.7979698114555357,-0.5974087000116461,0.07966821923459748
-0.23141950834813485,-0.44831610413631034,-0.8633989123967833
0.4420881334029503,-0.8921317825476677,0.09305355916146482
-0.7357712804913417,0.33483385359694445,0.5886653661372914
-0.2723927135099464,0.45596341466405915,0.8472895456186034
0.5494270569872577,-0.4739128582967952,0.6881398926027195
0.3739271012633676,0.5460245781987659,-0.7496903913907625
-0.4880934161587754,-0.752504911959002,0.44215514763488944
-0.5117821305947073,-0.4027224149441563,-0.7588766087484108
0.9976594864648948,0.03576158755242693,0.058280853822954025
0.35230874214222896,0.935643518987425,-0.021207441783207562
0.1239221627829328,0.20758585714678887,0.9703357199875892
0.48967581607060495,-0.7172841559879297,-0.4957025667920939
0.062426056164720946,-0.9624632540995233,-0.26413532898852354
-0.13460218895194298,-0.47340898808976073,0.8704976626764567
-0.6810592231657698,0.5841279472821752,-0.4415346823803883
0.742707677155786,-0.2128026904052355,-0.6349018201660397
0.2852252222376297,-0.9113344544513178,0.2968435357716481
-0.904346758839772,0.22302863507055057,-0.3638889497010954
-0.5073236794055415,0.627322771882297,0.5908373923444037
0.18104204434184268,0.8889834511486363,-0.42063309637305796
-0.48619361203519607,-0.7519374568754233,-0.44520313629161473
0.03263967467670684,-0.7966050580350718,-0.603618284307176
0.5125367987597416,0.3442682984126212,-0.7866291175803211
0.3646032107131744,-0.07559406734075912,0.928089454589656
0.6387021352844441,0.3075373212271312,0.7053228894878798
0.6754807350366319,0.5147141492668167,-0.5280105312765159
-0.966951422303136,0.24282326012944774,0.07772908880238262
-0.6017550577945266,-0.6841468892905801,-0.41210906844272244
-0.26995842305584616,-0.5544000052713559,0.7872503312011505
-0.21429708751397758,0.9701743679301805,-0.11330690223592521
0.24119264738963564,0.9528370859239954,0.18419444761731396
0.180998190669993,-0.007865920475251822,0.9834519725280262
0.524111745045441,-0.513592805394289,-0.679359484332593
-0.7929604441137895,0.2675165484745284,0.5474017084035605
-0.7571262914709528,-0.4354312013889563,-0.48699019253000575
0.7524270216341047,-0.4914982316663201,0.43850092974098775
0.8831348149820911,0.18772128802529756,-0.4299228030573291
0.3778866312081514,0.7181422026564461,0.5843573142503672
-0.20742129210803215,-0.9301108355909745,0.3031010410679805
-0.6458114643809446,-0.6324877678159092,0.42765263478363885
-0.2840161358629222,0.49971476355292854,0.8183031160008709
-0.163748718700644,0.30444112175997556,-0.9383506596712261
0.2947084926398886,-0.9555198881282655,0.011342299470198422
-0.3649079826295166,-0.32963437785531413,0.8707372400151473
-0.5569317692371734,0.3299932613666945,-0.7621885933723517
0.1484307415862898,0.9701320996283588,-0.19186459867004177
0.6670891251898157,-0.025318170671619872,-0.744547573555464
-0.9267693188133054,-0.37184474890599617,-0.05319880090151164
-0.6070580920452012,-0.7900820853154881,0.0851514612086583
0.482057033442512,-0.7019389757461256,-0.5243116352295499
0.3535894503269696,0.43532520606886194,0.8279290220656443
0.5747288390863222,0.814442659681297,-0.07981175110059485
0.502770812381095,-0.0032655933692624095,0.8644135851070367
0.06394697395345814,-0.7128605710143233,-0.6983842715978994
-0.8616086960555898,-0.4915327271789087,-0.12659396902479464
-0.40467841603626453,0.46938602510521477,-0.7848007001973855
0.8603429504716338,-0.5092016194832639,-0.02288489216459231
0.9979644263717697,0.010390753030361313,0.06292087052740689
0.24804447517476264,0.756297712316473,-0.6053822830907308
-0.5426897143357342,0.09350422597310108,0.8347124257367745
0.22638332760183208,-0.29742437727595755,-0.927517832058193
-0.6706087142151148,-0.7229682782374977,-0.16613494840357457
-0.22676216008835912,0.96021712731089,0.16297849910611842
0.25222643130464595,0.30319813270165274,0.9189410860754641
0.8898197675290013,0.43096955563520234,-0.14995340419687092
-0.8603496506647866,0.31659205210399,-0.3994595738564341
-0.6321347331648782,-0.004785033526769421,-0.7748437149391585
0.6066905822922893,0.17041618397573627,-0.7764566063837636
0.04873784945620858,-0.8021603692209874,0.5951162609790066
-0.8538126100382347,0.49762361049160564,0.15288809378429694
-0.18940690320574116,0.38873480310988423,-0.9016708256726124
0.037280139505856236,-0.9787835372941184,0.2014769920373963
0.9122474468521315,-0.2998236231017953,0.2791243284665095
-0.06340561531466338,0.011327479102598317,0.997923552264275
-0.544993686414099,-0.5873225552901544,-0.5983595054949943
-0.852174338334599,-0.14847719235889437,-0.5017503566846846
-0.6958854073066696,0.21706976611241247,0.6845613314652917
0.6696522794075174,0.6511130738218246,-0.3572360421102714
-0.8386616181390244,0.13443345697239795,-0.5278014171133719
0.11477393935138483,-0.6424096106554467,-0.7577181764899679
-0.06594668191541124,-0.2615091453473801,0.9629454823841433
0.7682619028924905,0.338835868361637,0.5431057934469349
-0.3688274879235536,0.8401107815608614,0.3977186931201495
-0.3558264144935721,-0.9176140140943446,0.17712166407956006
-0.6600962674607358,-0.7161424487208821,-0.22674415279001914
-0.8644513880845379,0.5019785014932099,-0.027228324908941746
0.7727268373504362,0.16349468072238882,-0.6133210612834655
-0.5038265028639213,-0.03849229241827461,0.8629468108964173
0.729027972843234,0.07211064260072941,0.6806748636726603
-0.22805387970966962,0.7091785824969131,-0.6671260496165896
0.16624210535887318,-0.29160530967020276,-0.9419819031053591