0.,0.,1.
0.8996586937407784,0.005138894330473699,-0.4365636569180902
0.9918542839841539,0.011331409791302876,0.12687268616381964
0.7234084225780895,0.012397511238156833,0.6903090292457286
0.6654868578123524,0.015207654540660202,-0.7462546276723607
0.982745786617791,0.028074787699719626,-0.18281828459045002
0.9241893104374971,0.031686148760257694,0.38061805849145713
0.3295261771868477,0.013182769761039256,0.9440544015733678
0.869398713824708,0.03975562601357992,-0.49250925534472145
0.9961637358021379,0.05125582598933877,0.07092708773718925
0.7717742127359176,0.04413164618814388,0.6343634308191
0.595876952165172,0.03748940016959077,-0.8022002260989893
0.968797359341339,0.06650928280963339,-0.23876388301708573
0.9432201019507817,0.07016860374417538,0.3246724600648321
0.4581644216476351,0.036716706137135624,0.8881088031467357
0.8331128341073047,0.07155612496736599,-0.5484548537713465
0.9957149162641854,0.09125437253657369,0.014981489310557095
0.8118978053780312,0.07908707095817684,0.5784178323924607
0.5106947838940278,0.052693278059668065,-0.8581458245256215
0.9499648393696082,0.10350422942396842,-0.2947094814437179
0.9569379215286742,0.10979839786838842,0.2687268616381999
0.5505461648440967,0.06635752470838378,0.8321632047201035
0.7903986070965412,0.09985056475917573,-0.6044004521979787
0.990550470606803,0.130888146693914,-0.040964109116075065
0.8446568404248448,0.11652290186171464,0.5224722339658285
0.4013806748703518,0.05770982867541024,-0.9140914229522537
0.9261960093481004,0.1385711630491059,-0.35065507987033584
0.9655027461884788,0.15009524019302373,0.21278126321155355
0.6224188012043778,0.1004044998361062,0.7762176062934714
0.740682118003492,0.1238268690322911,-0.6603460506246108
0.9807159499486016,0.16971957488870176,-0.09690970754269301
0.8706767717067821,0.1558039073410351,0.4665266355391964
0.2389098589002658,0.0441617082395407,-0.9700370213788858
0.8974235072663587,0.17119268972182594,-0.406600678296968
0.9690582699477303,0.1906007442204345,0.1568356647849214
0.6798751803544749,0.13776056700464784,0.7202720078668392
0.6830999175194031,0.14248079233509223,-0.716291649051243
0.9662600143405561,0.20730856259115818,-0.15285530596932517
0.8904288859721593,0.19636601281777438,0.4105810371125642
0.22087706500502718,0.05003464033889767,0.974017380194482
0.8635542316530579,0.20081093317653664,-0.46254627672360016
0.9677391523721395,0.23087253512766095,0.10089006635828923
0.7260365218506282,0.17759896018649632,0.664326409440207
0.6162665318927949,0.15448364080582003,-0.7722372474778751
0.9472338157767546,0.24320830695607334,-0.20880090439595733
0.9042868116061229,0.23769532596008028,0.35463543868593206
0.3828088480619802,0.10296401976936025,0.9180717817678499
0.824453177221113,0.22681078892594164,-0.5184918751502323
0.9616760298514425,0.27047958963941754,0.04494446793165707
0.7627617906853346,0.21924242167275051,0.6083808110136033
0.5377555164175919,0.1578992663439578,-0.8281828459045073
0.9236894702647261,0.2769603794142098,-0.2647465028226179
0.9125610830553555,0.27931460580981704,0.2986898402593283
0.4836515342671702,0.15106170063426827,0.8621261833412177
0.7799179642892179,0.24849458330023755,-0.5744374735768929
0.9509989638071262,0.3089982944380202,-0.011001130494946665
0.7912744771509619,0.26210692036550914,0.5524352125869427
0.4426969618842711,0.14945331666773085,-0.8841284443311679
0.8956774021591388,0.30808857080037094,-0.32069210124922165
0.915521284621133,0.3207740800980553,0.24274424183266774
0.5572606372591774,0.19883019556452305,0.806180584914614
0.7296369082629803,0.2650418167608154,-0.6303830720034966
0.9358397405385,0.3460088373373283,-0.06694672892160725
0.8124426525954719,0.3056713909978346,0.496489614160339
0.31843944775847993,0.12188975446826394,-0.9400740427577716
0.8632421624374179,0.3360907796611363,-0.37663769967588223
0.9134107667042353,0.36164490607560773,0.186798643406064
0.6133412311013513,0.24690078833511073,0.7502349864879534
0.6731159111672407,0.27544133001252386,-0.6863286704301572
0.9163332716492784,0.381091604666739,-0.12289232734821098
0.826921269439121,0.34945984654955276,0.4405440157336784
0.081903930217386,0.03516561658628693,-0.9960196411843754
0.82641603049734,0.3604278495618718,-0.43258329810248597
0.9064567127401734,0.4015142694200255,0.13085304497940342
0.6563554916372368,0.29522824089683164,0.6942893880613497
0.6095409384212687,0.2783680193227666,-0.742274268856761
0.8926182278627643,0.41382326613142445,-0.17883792577487156
0.8352313682079869,0.3930300484267168,0.38459841730707467
0.2871074117931192,0.13711100316056246,0.9480347603889641
0.7852092014394738,0.38050759155475244,-0.48852889652914655
0.8948771793289501,0.43998148639141815,0.07490744655279968
0.6888224666099977,0.34357068519904665,0.6383437896346891
0.5374910518780927,0.271934574162644,-0.7982198672834215
0.8648369452186294,0.4437721881195854,-0.2347835242014753
0.8378072798230706,0.4359659235736492,0.3286528188804141
0.39963934307397037,0.21086802170243624,0.8920891619623603
0.7395944203393635,0.3956609884049242,-0.5444744949557503
0.878886095024956,0.47665467614136053,0.018961848126139103
0.712352900179222,0.3916193208765393,0.5823981912080853
0.45424226701697623,0.2531112799613116,-0.8541654657100253
0.8331345503400794,0.4704927186317636,-0.2907291226281359
0.8350262865232406,0.4778722347317991,0.27270722045381035
0.4745011218198997,0.2751592748745315,0.8361435635356997
0.6894820671849011,0.4051051597956911,-0.6004200933824109
0.8586968347487859,0.5111476774926489,-0.036983750300464635
0.7280717868695812,0.43904343830451514,0.5264525927814248
0.35361253272536547,0.21600006397115148,-0.9101110641366859
0.7976571390416514,0.4935177061843543,-0.34667472105479646
0.8272280658506017,0.5183706456631267,0.2167616220272066
0.5281547110448068,0.33517717171788786,0.780197965109096
0.63467774895408,0.40788262232982575,-0.6563656918090146
0.8345247634809173,0.5430769331156236,-0.09292934872712522
0.7368207410025784,0.48550835615018734,0.4705069943547642
0.21489618223180984,0.14336720538317327,-0.9660566625632327
0.7585486793672763,0.5123482988855353,-0.40262031948134336
0.8147278852375507,0.5570966519102919,0.16081602360054603
0.5669593626750687,0.3924482009513751,0.7242523666824354
0.5748052902654072,0.40275489331066944,-0.7123112902356752
0.8065890003005903,0.5720580693461566,-0.1488749471537858
0.7392660320031745,0.5306831285544409,0.4145613959282173
0.16877347635699874,0.12262110817266687,0.9779977390101067
0.7159460427243945,0.5264395148927076,-0.45856591790800394
0.7978258181334563,0.5936970252944926,0.10487042517388545
0.5942356386576553,0.44749309408375293,0.6683067682557748
0.5091541635986467,0.3879992148355845,-0.7682568886623358
0.7751135558961185,0.5977018651252893,-0.2048205455803327
0.7359610152390945,0.5742439323410947,0.3586157975015567
0.3037980685083359,0.23984700043171156,0.9220521405834461
0.6699710897361152,0.5351790714114356,-0.5145115163346645
0.776813343214479,0.6278275170233447,0.04892482674722487
0.6120194357321296,0.5004458092256395,0.612361169829228
0.4363379555012084,0.36097014954913614,-0.8242024870888827
0.7403279210975908,0.6196092215122717,-0.2607661440069933
0.727384462629993,0.6158754696498628,0.3026701990748961
0.37963213667500667,0.32517518115130706,0.8661065421567855
0.620717824778716,0.5378550568881579,-0.5704571147613251
0.7519781764693677,0.6591506131976449,-0.007020771679322024
0.6216985328203954,0.5512645881876707,0.5564155714025674
0.35337440481581645,0.31696352721471177,-0.8801480855155432
0.7024671141469221,0.6373645940485979,-0.31671174243365385
0.7139652547492151,0.6552713838142614,0.24672460064823554
0.4296120446573066,0.39883923620864786,0.8101609437302386
0.5682307602725679,0.5336042016241364,-0.626402713187872
0.7236078860392363,0.6873331532070192,-0.0629663701059826
0.6242959839441421,0.5998202485584415,0.5004699729759068
0.2522516754104525,0.2451483370046246,-0.9360936839422038
0.66177111354547,0.6505270936553742,-0.37265734086031443
0.6960989268677628,0.6921341317438738,0.19077900222168864
0.4629775645944237,0.4656296678593631,0.754215345303578
0.5124664669120077,0.5213241812227023,-0.6823483116145326
0.6919926578767981,0.7120436118555495,-0.11891196853264319
0.620614058215992,0.6459382874364072,0.4445243745492462
0.08672713505590603,0.09130425117314511,-0.9920392823687507
0.6184834878374043,0.6586180195736696,-0.42860293928686133
0.6741591364029557,0.7261745052158387,0.13483340379502806
0.48402947713371913,0.5273848934716504,0.6982697468769175
0.45322005618675293,0.4995134463316908,-0.7382939100411932
0.6574274669559055,0.7329488092418285,-0.17485756695930377
0.6113144789182708,0.6894208748013567,0.3885787761226993
0.20173867442211676,0.2301493429238501,0.9520151192045887
0.5728488417011818,0.6611028052892393,-0.4845485377135219
0.6485058566396796,0.7571108690728181,0.07888780536836748
0.49525720682215507,0.5849273351522986,0.6423241484502569
0.38996971522586094,0.46594766272125787,-0.7942395084678537
0.620213836448425,0.7497097411170526,-0.23080316538585066
0.5969663772153704,0.7300591164900221,0.33263317769603873
0.2790354200231495,0.34525157248782923,0.8960695207779281
0.525108343808508,0.6573639144802242,-0.5404941361401825
0.6194914089883614,0.7846681141286798,0.0229422069417069
0.4983034526639866,0.6386343751594034,0.58637855002371
0.3214962696904318,0.41692377311697365,-0.8501851068944006
0.5806613200537567,0.76197610057365,-0.28674876381251124
0.5780765532530504,0.7676402035179793,0.27668757926937815
0.3238034886553442,0.43513572115806554,0.8401239223512675
0.4754918947627679,0.6466584114080219,-0.5964397345668431
0.5874650502181918,0.8085762740290093,-0.033003391484839995
0.494355832024317,0.6886604353406601,0.5304329515970494
0.2447063084169231,0.3450303863362154,-0.9061307053210612
0.5390888105271162,0.7693788588556008,-0.3426943622391718
0.5551094369172321,0.801951676186955,0.22074198084271757
0.3502570775658553,0.512234649259148,0.7841783239247206
0.4242039657862291,0.6280480656019406,-0.65238533299339
0.5527765983783063,0.8285687113806751,-0.08894898991150058
0.48433422588676434,0.7350388488481595,0.4744873531703888
0.14878461688999495,0.2286314141670362,-0.9620763037477218
0.4958257529761153,0.771519931334254,-0.3986399606658324
0.5285007615479351,0.8327839440009611,0.16479638241617067
0.3639069591095683,0.58073128263018,0.7282327254980601
0.37139653109361437,0.6002765265152668,-0.7083309314200505
0.5157794430395719,0.844379727615546,-0.14489458833816116
0.46899091224726847,0.7777340957972178,0.41854175474372823
0.09667036271228864,0.16240029668579123,0.9819780978257313
0.45121331686721455,0.7679573634951068,-0.4545855590923793
0.4986672591225733,0.859931666764313,0.10885078398951009
0.3677012277039768,0.6425152339976635,0.6722871270713995
0.3171129876642262,0.561534272311261,-0.7642765298467111
0.476833206094791,0.8557413820457872,-0.20084018676482174
0.4489685854528972,0.8166708251801523,0.36259615631718134
0.17994269686744516,0.33178974652749715,0.9260324993990707
0.4056055432906962,0.7581834081896097,-0.5105311575191536
0.4660137743184209,0.8831943180784512,0.05290518556284951
0.36350648660675106,0.6985600577348682,0.6163415286448526
0.2611576932985752,0.5089521780301839,-0.8202221282733717
0.436306280119621,0.8623792033971084,-0.25678578519136863
0.4248361183757603,0.8517509658749552,0.30665055789040707
0.21747715338033863,0.4423262059993869,0.8700869009724101
0.35937040667080977,0.7415908547053564,-0.5664767559455868
0.43093868577504946,0.9023760884421144,-0.0030404128638110706
0.35264098969355834,0.7494002493880256,0.560395930218192
0.20273380251484388,0.4372975188669261,-0.8761677267000323
0.3945784642458947,0.8640063178320541,-0.3127313836180292
0.39711172609404577,0.8828642592713642,0.25070495946397386
0.23516803590210397,0.530914243902965,0.8141413025457496
0.3128905446139539,0.7174189291264149,-0.6224223543722474
0.39383822987201916,0.9172851787548487,-0.05898601129047165
0.3361116576725219,0.7953356626808855,0.5044503317915314
0.13907287595892115,0.3344001858465368,-0.9321133251264655
0.35204394267418615,0.8603152592723401,-0.3686769820446898
0.3662786103372627,0.9098949229981125,0.19475936103731328
0.24002716621092585,0.6062394194838467,0.758195704119089
0.26656292716381075,0.6846613224633618,-0.6783679527989079
0.35511015270419255,0.9277324530996175,-0.11493160971713223
0.3147346637466834,0.8365318855761376,0.44850473336487084
0.053431697112944314,0.14451511108070483,-0.9880589235531261
0.309114917032037,0.8509662932350074,-0.4246225804713504
0.3327959323498936,0.932725901174208,0.1388137626106527
0.23540982752396888,0.6718831759763808,0.7022501056924284
0.22079537695884538,0.6418979747593035,-0.7343135512255685
0.31515702224392317,0.9335293412996745,-0.17087720814356544
0.2892028815480893,0.8730744635372437,0.39255913493821026
0.09065983850668857,0.2790222924550025,0.9559954780202133
0.26622633254994327,0.8355703233646204,-0.48056817889801096
0.29710680200135225,0.9512415127449516,0.08286816418399212
0.22333444300120753,0.7296658210831857,0.6463045072659952
0.17599357594937867,0.5869554818003543,-0.7902591496522291
0.27438949138687746,0.9344847893016004,-0.22682280657022602
0.2601263801041906,0.905000327851365,0.3366135365115497
0.11799069055591449,0.41950972716466256,0.9000498795935528
0.22384237599221812,0.8136630490878711,-0.5365137773246715
0.25964433743699933,0.9653289561025007,0.02692256575733154
0.2051900034512912,0.7806237385819684,0.5903589088393346
0.132516366997342,0.5161171735241608,-0.8462047480788897
0.23322980459701395,0.9304009283008887,-0.2827684049968866
0.2280581289251651,0.9323170052950497,0.2806679380848891
0.12442387704673226,0.521542578641844,0.8441042811668922
0.1824658700744377,0.7846643195294339,-0.5924593757511047
0.2208364915876279,0.9748789194345843,-0.02902303266932904
0.1820231836044283,0.825390800944786,0.534413310412674
0.09050094371217694,0.42182263036390194,-0.9021503465055503
0.19211588838445906,0.9210669407350605,-0.3387140034235472
0.19351108639834233,0.955014832083441,0.2247223396584559
0.11877936669652554,0.6039017741887792,0.7881586827402316
0.1426525701787597,0.7478109611946895,-0.6484049741777653
0.18111013758986003,0.9797854100729688,-0.08496863109598962
0.15467620913132896,0.8643748717516206,0.47846771198601346
0.048845652812111125,0.28225212577808606,-0.9580959449319835
0.15150647379001608,0.9062502894163127,-0.39465960185020776
0.1569700360293664,0.9730749300069933,0.1687767412317953
0.10462206881417098,0.6729919924315966,0.732213084313571
0.10503423986050166,0.7020385169837505,-0.7043505726044259
0.14089479346397152,0.9799448132893925,-0.1409142295226502
0.12386097065169561,0.8978493879836178,0.4225221135593529
0.021875476036298372,0.16555176026119672,0.985958456641356
0.11188790229807828,0.8856839452100163,-0.45060520027686835
0.11890011900929606,0.9864744775780377,0.11283114280513473
0.08397247346794673,0.731854433088898,0.6762674858869104
0.07035877465216875,0.6457548878211563,-0.7602961710310865
0.10062631712391895,0.9752540963471692,-0.1968598279490834
0.09020226501255206,0.9260049729562884,0.3665765151326923
0.03354220866604882,0.36599317451714336,0.9300128582146954
0.07378363819567213,0.8590472996683169,-0.5065507987035289
0.07975325646997056,0.9951901591772297,0.05688554437847415
0.05818885090204117,0.7821859200779384,0.6203218874604772
0.03956749302554571,0.5763538733175646,-0.8162417694577471
0.06075090388064418,0.9656079660362497,-0.252805426375744
0.054264662004534815,0.948980389704605,0.3106309167060317
0.02496320246983137,0.4851631312137045,0.8740672597880348
0.03776820512070614,0.825936659737002,-0.5624963971301895
0.039973235896616686,0.9992003087036959,0.00093994595181357
0.028286536877938074,0.8250328940156694,0.5643762890338166
0.01396881901124074,0.4889724607769849,-0.8721873678844076
0.021729771313493726,0.9508946428086176,-0.3087510248024046
0.016570073296391284,0.9668820100321899,0.25468531827937113
0.006569157767726783,0.5750076463644006,0.8181216613613742
0.00448862863283866,0.7858176317345765,-0.6184419955566227
0.,0.9984860430651078,-0.05500565247484701
-0.004918581610989914,0.861088869051079,0.5084306906071561
-0.0042524682749290905,0.37222454696082086,-0.9281329663110682
-0.015954963815364116,0.9309896949671183,-0.36469662322906515
-0.022390234563457904,0.9797965100718461,0.19873971985293792
-0.018486324695634226,0.6471057911103771,0.7621760629347136
-0.02530066189082032,0.7379439339064483,-0.6743875939832833
-0.03972645268721868,0.9930315346857224,-0.11095125090150759
-0.04073613610966789,0.8908410680751438,0.4524850921804955
-0.009132904701160268,0.17749920697259042,-0.9840785647375014
-0.0517924883312356,0.9057470173911665,-0.42064222165572573
-0.06214706821280119,0.9877993626231245,0.14279412142627734
-0.04848981520032,0.7063195231781282,0.706230464508053
-0.05067689143743348,0.6812086910327395,-0.7303331924099439
-0.07876220526926594,0.9828234616173205,-0.16689684932816817
-0.07855936930956008,0.914650127309419,0.3965394937538349
-0.025561651831528143,0.2789139556332316,0.959975836835838
-0.08523244344305543,0.8749854172121071,-0.4765878200823863
-0.10224690736791747,0.990960596586202,0.08684852299961676
-0.08228574042199144,0.7552209278540354,0.6502848660813925
-0.07043208700834391,0.6138444299659126,-0.7862787908366045
-0.1166552526206356,0.9678495727719022,-0.22284244775460138
-0.1178396231396067,0.9327966668487712,0.3405938953271743
-0.05599756451104666,0.4237848520306938,0.9040302384091774
-0.11566915106181637,0.8384681303804616,-0.5325334185090469
-0.1422468673646443,0.9893486938272994,0.03090292457295618
-0.11899665861952342,0.795361949153186,0.5943392676549593
-0.08281693784741781,0.5327282918483841,-0.842224389263265
-0.15294063056252274,0.9480961917598723,-0.27878804618126196
-0.15806990098347126,0.9455100493779601,0.28464829690051374
-0.09035302155208028,0.5221003494752078,0.8480846399825168
-0.1424176221696819,0.7958703836190395,-0.5884790169357075
-0.18171047126443338,0.983033147517984,-0.0250426738537044
-0.1579050071499873,0.8277670358572222,0.5383936692282987
-0.0848473128678801,0.43138336397244026,-0.8981699876899256
-0.1871343359515662,0.9235443289173852,-0.33473364460792254
-0.19877374914534,0.952986921401067,0.22870269847385316
-0.12803342245294616,0.5967605730759656,0.7921390415558562
-0.1646751539673819,0.7467255243937869,-0.6444246153621407
-0.22020381812263348,0.9720859932316974,-0.08098827228036498
-0.19839408447359388,0.8531609732199792,0.4824480708016381
-0.06948668862585283,0.29126456776136883,-0.9541155861165862
-0.21872531574030443,0.8941638358355973,-0.3906792430345831
-0.23949738426276007,0.9554035730069788,0.17275710004741995
-0.16830614549040385,0.6555091575895357,0.7361934431291957
-0.18145590474725196,0.6903298619281836,-0.7003702137888013
-0.25729180001239493,0.9565824819112951,-0.13693387070702556
-0.23991516606041313,0.872087354656766,0.4265024723749775
-0.03831051588694816,0.13621103488376415,0.9899388154569806
-0.24716442174061695,0.8599046456528453,-0.4466248414612437
-0.2798038448868575,0.9529243839233177,0.11681150162075937
-0.2105187420350748,0.7021002271966056,0.6802478447025351
-0.19147004525132502,0.6255602400763031,-0.7563158122154618
-0.29253403163261277,0.9366009559697646,-0.19287946913368614
-0.2819676642862307,0.8849756151819205,0.37055687394831693
-0.11040890957725018,0.339803683363374,0.93399321703032
-0.2718485402111956,0.8206834494102586,-0.5025704398879043
-0.3192683996359394,0.9457076878307973,0.06086590319409879
-0.25409386937399314,0.7387036014813042,0.6243022462758745
-0.19287426889281256,0.5504824403927271,-0.8122614106421224
-0.3254801164512348,0.9122218916188062,-0.24882506756011935
-0.32408639407330175,0.8921814582758381,0.31461127552165635
-0.16596291172777522,0.44887491731581675,0.8780476186036594
-0.29209681845241303,0.7763628556257579,-0.5585160383145649
-0.3574746935951494,0.9339098639804859,0.0049203047674382105
-0.2985117599532184,0.766721233575136,0.5683566478494413
-0.18266420034826336,0.46135710606315333,-0.868207009068783
-0.35566377245505526,0.8835259600696593,-0.30477066598677993
-0.3658329601255289,0.8940124790956671,0.25866567709499577
-0.2186279699879984,0.5256900980233737,0.8221020201769988
-0.307113366165803,0.7267174673114744,-0.6144616367412254
-0.39401124963880674,0.9176881575813519,-0.05102529365922237
-0.34329635307225204,0.7871356492986049,0.5124110494227807
-0.15471819006713983,0.34929105302272023,-0.9241526074954436
-0.38259515137218414,0.8505908103983421,-0.3607162644134405
-0.40678963814506985,0.8907450589267993,0.2027200786683352
-0.27030290868881,0.5830443164675276,0.7661564217503383
-0.31592540508686795,0.671375660458103,-0.6704072351676587
-0.4284680057979424,0.8972025391481484,-0.10697089208588295
-0.388005436340369,0.8006816304981828,0.4564654509961201
-0.08758823068974741,0.17814547031264213,-0.9800982059221042
-0.4057503511519927,0.8134860444990137,-0.4166618628401011
-0.44655479665174785,0.8826358623673953,0.14677448024190198
-0.3213944830451415,0.6263434941803501,0.7102108233236777
-0.3172732534186626,0.6097124271282651,-0.7263528335943192
-0.4604325833474856,0.872616784912505,-0.16291649051254353
-0.43222367278920665,0.8079396910527092,0.40051985256945954
-0.12684202241219025,0.23387935825024092,0.9639561956514626
-0.42455652942330385,0.7722654601100749,-0.4726074612667617
-0.48473926060946526,0.8699298612255945,0.0908288818152414
-0.3718804864965495,0.6585149347232341,0.6542652248970171
-0.3093954317161731,0.540632620261374,-0.7822984320209798
-0.4894859479777645,0.8440988643266126,-0.2188620889392041
-0.47555757155170025,0.8093908694331703,0.34457425414279896
-0.21429049080267534,0.3599949178516369,0.908010597224802
-0.43836994299532117,0.7269549203128077,-0.5285530596934223
-0.5209632101853405,0.8528660446831123,0.03488328338858082
-0.42157881208434766,0.6813845682006039,0.5983196264703565
-0.2895492269451663,0.4620694651179104,-0.8382440304476404
-0.5151970412210755,0.8118206351662905,-0.2748076873656373
-0.5176317500174875,0.8054507250436417,0.2886286557161384
-0.28550146222556605,0.43871876286544537,0.8520649987981415
-0.44644216044569573,0.6775328154653485,-0.5844986581200828
-0.5548533102567704,0.8316815394021507,-0.021062315038307133
-0.47024067951674964,0.696206949858327,0.5423740280439233
-0.2526946841419709,0.3695541965937192,-0.894189628874301
-0.5371157997342454,0.7759567524116856,-0.3307532857925253
-0.5580860455947719,0.7964914064587928,0.23268305728970518
-0.35007621310833387,0.49359957999159815,0.7961194003714809
-0.44786544466725364,0.6238971852230882,-0.6404442565467434
-0.586039813177709,0.806614603534103,-0.07700791346451297
-0.5175891256573263,0.7039097100206589,0.48642842961726274
-0.18616392678053706,0.2501720252294426,-0.9501352273009616
-0.5547637014892909,0.7366825696686041,-0.38669888421918586
-0.5965731698130385,0.7828565153933746,0.1767374588630446
-0.4106091620952576,0.5324874260656118,0.7401738019448203
-0.44147887622100096,0.5658070092715035,-0.696389854973404
-0.614153384029732,0.7779067968340629,-0.13295351189117355
-0.563336771874228,0.70522068425738,0.43048283119060216
-0.0692142942480002,0.08563910605246774,0.9939191742723779
-0.5676204925996046,0.6941706118557406,-0.44264448264584644
-0.6327566797184556,0.7648714341142523,0.12079186043638401
-0.4680549213897931,0.5592462392123047,0.6842282035181597
-0.4256935787868836,0.5027686769647992,-0.7523354534000646
-0.6388213677682054,0.745804522783209,-0.18889911031783413
-0.607194649032079,0.7007399799214682,0.3745372327639416
-0.2285375998758995,0.26072233594029054,0.9379735758457173
-0.5751048802694476,0.6485848500750141,-0.49859008107205227
-0.6663090887375545,0.7428506987067428,0.06484626200972343
-0.5227715391796454,0.5761691470073557,0.6282826050914991
-0.398129657467439,0.43379086793378047,-0.8082810518267252
-0.6596631455833232,0.7105600628792327,-0.2448447087444947
-0.6488767711430042,0.6909835789664827,0.318591634337281
-0.3245132929473,0.3416398245968228,0.8820279774190567
-0.5765453558077883,0.6000713564730211,-0.5545356794987129
-0.6969099617799198,0.7171033979557564,0.008900663583062851
-0.5748513612980829,0.584787365813997,0.5723370066648386
-0.3547298484726374,0.356761869592559,-0.864226650252931
-0.6762840965912564,0.672432161492615,-0.3007903071711553
-0.6881025178258179,0.6764111063415557,0.2626460359106204
-0.404139183581085,0.39275873435568215,0.8260823789923961
-0.5711341065338168,0.5487426005482184,-0.6104812779253734
-0.7242438424105868,0.6879372288486143,-0.04704493484359773
-0.6242542381345518,0.5862137491298217,0.516391408238178
-0.2869274593352577,0.26637504732868234,-0.9201722486795916
-0.6882674564538297,0.6316861578694613,-0.35673590559781587
-0.7245977933808063,0.6574442690993707,0.20670043748395983
-0.47484812704155893,0.4259208793484625,0.7701367805657355
-0.5578501693319226,0.4946497822217412,-0.666426876352034
-0.7479978444788792,0.6556616312639151,-0.10299053327025831
-0.6708696880594567,0.581311893797145,0.4604458098115174
-0.1649902308637183,0.1413229361434029,-0.9761178471062522
-0.6951629808335265,0.5885935833108803,-0.41268150402447645
-0.7580954339452259,0.6344795438248639,0.15075483905729925
-0.5393212687372156,0.44616535549258085,0.7141911821395297
-0.5353221466404253,0.4377307471475942,-0.7223724747786946
-0.7678587038887809,0.6205902971393135,-0.1589361316969189
-0.7145490015094658,0.5707883175323681,0.4045002113848568
-0.19715644136979632,0.15565398855404092,0.9679365544670873
-0.6964706498184112,0.543431019348152,-0.46862710245113703
-0.7883350893903486,0.6078971909187875,0.09480924063063867
-0.5987626418293206,0.4562850537460953,0.6582455837128691
-0.5015593129316527,0.3777025715208088,-0.7783180732053552
-0.783509020867311,0.5830432713604065,-0.21488173012357947
-0.7551230778665552,0.5552466290387564,0.34855461295819623
-0.3318671097603718,0.24111556888713312,0.9119909560404267
-0.6916164264282856,0.49647779425503047,-0.5245727008777976
-0.8150626742401652,0.578067863122585,0.03886364220397809
-0.6537590367344949,0.4580762486881615,0.6022999852862085
-0.4533518146783027,0.31380927061346997,-0.8342636716320158
-0.7946223148061142,0.5433488151477954,-0.27082732855024005
-0.792412871051057,0.5352212686424545,0.2926090145319904
-0.42999216696843473,0.2868677082798082,0.8560453576137661
-0.6799147387731072,0.44801166521839275,-0.5805182993044582
-0.8380294004155935,0.5453576173582682,-0.017081956222682493
-0.7045953523583853,0.4528159376549044,0.546354386859548
-0.3846351183169389,0.24409686859710608,-0.8902092700586763
-0.8008563362576155,0.501845178188431,-0.32677292697690064
-0.8262357197861461,0.51119953328111,0.23666341610532982
-0.5119177222010337,0.31269893035512786,0.8000997591871055
-0.6605075677186285,0.39830071537888745,-0.6364638977311188
-0.8569903437891542,0.5101318720821945,-0.07302755464934307
-0.7513941733172265,0.4414816151695441,0.4904087884328874
-0.2800361465791362,0.16239064459076194,-0.9461548684853369
-0.8018437855781421,0.4588824183193753,-0.3827185254035612
-0.8564092315165192,0.48363653557888303,0.18071781767866923
-0.5835320610959409,0.3251536847339131,0.7441541607604449
-0.6322594232166062,0.3475875593060468,-0.6924094961577794
-0.8717024387704372,0.47275869534829623,-0.1289731530755489
-0.7941856754238432,0.42486568404754355,0.4344631900062268
-0.05729406675651533,0.03023097380579346,0.9978995330880025
-0.7971790831862594,0.4148244156201259,-0.4386641238302218
-0.8827536108009502,0.4529657337159329,0.12477221925200865
-0.6473747892628138,0.32752840633660035,0.6882085623337844
-0.5935614858465058,0.29605643875653515,-0.7483550945844399
-0.8819217268355427,0.4336117192584612,-0.1849187515022095
-0.8329458531207451,0.40364048190655866,0.3785175915795662
-0.30296707989542015,0.14468494557367914,0.9419539346613419
-0.7863989403894578,0.3700512521304415,-0.4946097222568824
-0.9050929179848677,0.4196066087175003,0.06882662082534807
-0.7047409001008192,0.3218443850628222,0.6322629639071238
-0.5419249828887986,0.2437574781270084,-0.8043006930111005
-0.8873995911819351,0.39307293280443145,-0.24086434992887007
-0.8676188286114327,0.37839777678031794,0.32257199315290563
-0.4260588346566215,0.18292921454402394,0.8860083362346813
-0.7689528112475099,0.32496217155554175,-0.5505553206830882
-0.9232555169068151,0.3839704803277126,0.012881022398687492
-0.7563511894679733,0.3095014902000315,0.5763173654804632
-0.4729933912960512,0.19040370232177478,-0.8602462914377611
-0.8878775691935332,0.3515355980269565,-0.29680994835553065
-0.8981305154036944,0.3496740524202201,0.26662639472624505
-0.5208198370102338,0.19935533270842423,0.8300627378080208
-0.7441560135514993,0.27997939676728145,-0.6065009191097488
-0.9370738305729259,0.3464651185139917,-0.04306457602797309
-0.8026261534024468,0.29155528108352785,0.5203717670538026
-0.3774345614515278,0.13466838073350992,-0.9161918898639669
-0.8830801116300409,0.30940756399589187,-0.35275554678219123
-0.9243972740437996,0.31796742256238375,0.21068079629958447
-0.5997850754388508,0.2024858459172685,0.7741171393813602
-0.7111113288701917,0.23555315611630825,-0.6624465175364094
-0.9463834250146884,0.30749861497563,-0.09901017445463367
-0.8438163584160704,0.26885365380398907,0.46442616862714203
-0.22375144245328193,0.06988559121926001,-0.9721374882906275
-0.872704288247981,0.26711532935898324,-0.4087011452088518
-0.9463314949972446,0.28374939667866667,0.1547351978729239
-0.6676786394786907,0.19604813731998805,0.7181715409546996
-0.66856870934496,0.19216828200022285,-0.71839211596307
-0.9510213570865207,0.26748287200505627,-0.15495577288129425
-0.8800713585612358,0.24211160155777423,0.40848057020048145
-0.2272477075229461,0.06112277072066531,0.9719169132827119
-0.8564048010126568,0.22510935216331185,-0.4646467436355124
-0.9638451848851649,0.24747338162907365,0.09878959944626331
-0.7268159927949313,0.1821958113123527,0.6622259425284938
-0.6146505313981784,0.1503523472567848,-0.7743377143897305
-0.9508236321060981,0.2268370168402676,-0.21090137130795483
-0.9114790267243348,0.21195536680653,0.35253497177382087
-0.3913289276442717,0.08864660596808456,0.9159713148560513
-0.8337715091669078,0.18387137865300926,-0.520592342062173
-0.9768521698247724,0.20958108188781308,0.04284400101960273
-0.7784968316950459,0.16237865437469975,0.6062803441018332
-0.5462407487643061,0.11068272154247481,-0.8302833128163911
-0.9456215021074914,0.1859910468152289,-0.2668469697346154
-0.9380893354436577,0.178950111328313,0.2965893733471603
-0.5017506997490223,0.09274698044399982,0.8600257164293907
-0.8042944585695705,0.14392507457415296,-0.5765379404888336
-0.9852692633115906,0.17050755677921964,-0.013101597407057852
-0.8235152090270444,0.13767486409576166,0.5503347456751726
-0.45733539630190106,0.07377433270683281,-0.8862289112430517
-0.9352361679692455,0.1453900548938926,-0.322792568161276
-0.9599293770943597,0.14361812066389035,0.24064377492095446
-0.5884695871572154,0.0846091533093907,0.8040801180027302
-0.7673068971167517,0.1058522490927573,-0.6324835389154941
-0.9890165794564663,0.130685463260959,-0.06904719583371843
-0.8623864640664117,0.1089447459858468,0.494389147248512
-0.3327146016589122,0.04010220906120271,-0.9421745096697123
-0.9194711842831079,0.10549949024818729,-0.3787381665879366
-0.9770131544524392,0.10645130166689788,0.18469817649429388
-0.6600429736444232,0.06810296294076262,0.7481345195760696
-0.7218867978175891,0.0703190869892645,-0.6884291373421547
-0.9880170548304056,0.09054888595247325,-0.12499279426037901
-0.8954618409476719,0.07691128592805507,0.43844354882185144
-0.06109239162594773,0.0048958655115081354,-0.9981201080963729
-0.8981014234019583,0.06681210755627034,-0.43468376501459716
-0.9893480839094688,0.0679201185629161,0.1287525780676333
-0.7202922128851819,0.04531694489906627,0.692188921149409
-0.6666730722524564,0.03812174553424159,-0.7443747357688153
-0.9821951434806688,0.05053709701777195,-0.18093839268658485
-0.9229918443113035,0.042206317990278276,0.38249795039519086
-0.32409906535650407,0.0129656569163554,0.9459342934769666
-0.8708566760357279,0.029857621024278018,-0.49062936344125774
-0.9969393252608094,0.028480264466485442,0.07280697964097271
-0.771287092980771,0.017625393385347653,0.6362433227227484
-0.599484622598739,0.010273750088896434,-0.8003203341954759
-0.9714745473915993,0.011098582096249301,-0.23688399111324543
-0.9451636970145683,0.005398821128223563,0.3265523519685303
-0.4559825903284614,0.,0.889988695050306
-0.8373965199243061,-0.004783249757421167,-0.5465749618674636
-0.9997925932099944,-0.01142210076914163,0.016861381214312132
-0.8142848466157727,-0.01395491844151168,0.5802977242960878
-0.5164004212830656,-0.011800742748459558,-0.8562659326221365
-0.9557747158426446,-0.027304286216673492,-0.292829589539906
-0.9621246580346962,-0.032986775215965033,0.2706067535418697
-0.5512583501822951,-0.02205321583657664,0.8340430966236454
-0.7972702400651287,-0.03645735494172472,-0.6025205602941242
-0.9979158354269018,-0.05134597714647818,-0.03908421721234845
-0.8501128151033005,-0.048611209544239066,0.5243521258694273
-0.4089110778555482,-0.025726504399613083,-0.912211531048797
-0.9350056601930194,-0.06418943578114683,-0.3487751879665666
-0.9739971250747328,-0.07245818677526578,0.2146611551152091
-0.6261361491892143,-0.05017774385218189,0.7780974981969848
-0.7498495587091701,-0.06440463588249884,-0.6584661587207847
-0.9913199900491388,-0.09085159034706575,-0.09502981563900903
-0.879350945398731,-0.08565769011225254,0.4684065274427667
-0.2490212751687531,-0.02569391289879135,-0.9681571294750029
-0.9090603329219422,-0.09904744403110805,-0.40472078639322717
-0.980888708570822,-0.11254649467357496,0.15871555668854853
-0.6867639934654467,-0.08277590795336252,0.7221518997703242
-0.6942080021526666,-0.08769886542426092,-0.7144117571474453
-0.9800189132401388,-0.12949654064613847,-0.1509754140656696
-0.9024286951264195,-0.12449269957551153,0.4124609290161061
-0.21600914467246188,-0.03105742630831995,0.9758972720983365
-0.877803313160221,-0.1313309761705678,-0.46066638481988775
-0.9828990818711935,-0.15279964180460218,0.10276995826188795
-0.736249670079444,-0.11876694556106679,0.6662063013436637
-0.6288845974402477,-0.1051366150077509,-0.7703573555741059
-0.9640284649079598,-0.16683169194236266,-0.2069210124923302
-0.9196806855493986,-0.16457294942391534,0.3565153305894455
-0.3855011362844878,-0.07125862777271945,0.919951673671676
-0.8410536286491738,-0.1604395602777757,-0.5166119832465483
-0.9801246706983318,-0.1927773565917628,0.04682435983522737
-0.776422044805363,-0.15732349733891987,0.6102607029174578
-0.5513599997964541,-0.11500251664229438,-0.8263029540007665
-0.9433646349866099,-0.20239641874436437,-0.2628666109189908
-0.9313806270248665,-0.20539708788188396,0.30056973216278493
-0.4910402396706966,-0.11123392002374816,0.8640060752450154
-0.79855780355922,-0.18569666136794336,-0.5725575816732089
-0.9726618242740664,-0.23204693190474054,-0.009121238591433212
-0.8084703923747824,-0.19776346878713952,0.5543151044907972
-0.45665468203166343,-0.11447267411164153,-0.8822485524274271
-0.918040459601732,-0.2357127270776558,-0.31881220934565135
-0.9377629826390352,-0.24649466847335952,0.24462413373612435
-0.5688810490134172,-0.15301182267226013,0.8080604768183548
-0.7499456762926002,-0.20631343924811502,-0.6285031800998695
-0.9606088578511405,-0.270179438407863,-0.06506683701809379
-0.8332281500279292,-0.23949673364458082,0.49836950606413666
-0.33208956309326676,-0.09751029375251037,-0.9381941508540876
-0.8880612817268393,-0.26627757211484093,-0.37475780777231193
-0.9390373151496921,-0.28741839027759086,0.18867853530991852
-0.6290622681396992,-0.19647868206190738,0.7521148783916942
-0.6946537156214913,-0.22132800307868294,-0.6844487785265301
-0.9440671936534181,-0.30674602578532095,-0.12101243544475437
-0.8513163763942827,-0.28199559080541337,0.4424239076374761
-0.10242329973595463,-0.034577833523947235,-0.9941397492807482
-0.8534175958679185,-0.29355235129636553,-0.4307034061989725
-0.9353980593216215,-0.3277383683423248,0.13273293688325793
-0.676129027136004,-0.24124235178982834,0.6961692799650336
-0.631781525774202,-0.22949568681462806,-0.7403943769531907
-0.9231417110310653,-0.34131398389606027,-0.17695803387141495
-0.8632232835252186,-0.32477696853300625,0.3864783092108155
-0.2918591863793108,-0.11171557047185632,0.9499146522925912
-0.8140741685497414,-0.31694793641373964,-0.4866490046256331
-0.9270313149370978,-0.3670376626161783,0.07678733845659735
-0.7126167137318257,-0.2868641785017868,0.6402236815383731
-0.5597943303552477,-0.22906975207158609,-0.7963399753798512
-0.897940319684213,-0.3734422048295935,-0.2329036322976208
-0.8693514712382381,-0.36739099955985466,0.3305327107841549
-0.41177879901590275,-0.1767980526224019,0.8939690538659306
-0.7699531136880201,-0.33580247089717324,-0.5425946030522937
-0.9141196245517574,-0.4049085500231856,0.020841740029936773
-0.7401286884608383,-0.3329093662133015,0.5842780831117125
-0.4758073602518777,-0.2172939405769168,-0.8522855738065118
-0.8685726705590733,-0.40267559879867354,-0.28884923072428137
-0.8700475162467038,-0.409413284103135,0.27458711235749433
-0.4923695374330674,-0.2351359750050448,0.83802345543927
-0.7209066082787674,-0.34934694696544993,-0.5985402014784995
-0.8968453347869051,-0.4409491632792005,-0.03510385839672381
-0.7597727721028804,-0.3789592595486011,0.5283324846850519
-0.373399494942832,-0.18891520574161208,-0.9082311722331724
-0.8351477941102451,-0.4285378487176649,-0.34479482915094195
-0.8656213093834663,-0.4504393823005339,0.21864151393083375
-0.5511615619363007,-0.29081808440071577,0.7820778570126095
-0.6666707162143428,-0.3566489784995294,-0.6544857999051601
-0.8753929176853082,-0.47476018796711444,-0.09104945682338439
-0.7723690868930152,-0.42461349872931703,0.4723868862583913
-0.2317158603303611,-0.12911589751590047,-0.964176770659833
-0.7977702709546899,-0.4505215915866862,-0.40074042757760253
-0.8563591324694768,-0.4900806824538018,0.16269591550417317
-0.5947845076720203,-0.3449106151950403,0.7261322585859489
-0.6067820451930489,-0.35651476532625515,-0.7104313983318207
-0.8499504850118438,-0.5059413273890243,-0.14699505525004497
-0.7785605205292713,-0.46948926469328306,0.41644128783173073
-0.17033502122256286,-0.10404714786841551,0.9798776309139612
-0.7565342353759743,-0.4680745927269752,-0.4566860260042631
-0.8425327517869037,-0.5279611083879553,0.10675031707751259
-0.6266539297771639,-0.39768667671846375,0.6701866601592883
-0.540413764969621,-0.34730283827059344,-0.7663769967584813
-0.8207106270405342,-0.5340872192329682,-0.20294065367670555
-0.77887632757561,-0.513219762151356,0.36049568940507015
-0.3182359091529155,-0.2123099278637318,0.9239320324873006
-0.7115139690159343,-0.48057953507042356,-0.5126316244309237
-0.8244058878650748,-0.5637143005248361,0.05080471865085201
-0.6488402954303465,-0.4491260280894828,0.6142410617326277
-0.46601159033961304,-0.32652526260171355,-0.8223225951851418
-0.7878706252634264,-0.5587824141102599,-0.25888625210336613
-0.7737710544213755,-0.5554526059212209,0.30455009097840957
-0.4017480567037644,-0.29188704873879406,0.86798643406064
-0.6627488067389739,-0.48732326110460134,-0.5685772228575843
-0.8022389054728756,-0.5969809962643814,-0.005140879775808571
-0.662740127437771,-0.49908085430642873,0.5582954633064219
-0.38032426877424413,-0.28982482756174943,-0.8782681936118024
-0.7516320073993595,-0.5795948855404507,-0.3148318505300267
-0.7636495391253106,-0.5958482925013615,0.248604492551749
-0.4580533591672295,-0.3616307528660766,0.8120408356339794
-0.6102179628768583,-0.4874477238408077,-0.6245228212842449
-0.7762922648698122,-0.6274063768277437,-0.06108647820246915
-0.6693727309529537,-0.5473433660069977,0.5023498648797613
-0.27485255088556626,-0.22737780462660126,-0.934213792038463
-0.7121993133536645,-0.59606729603606,-0.3707774489566873
-0.7488836112639538,-0.6340787705756734,0.1926588941250884
-0.4970490474108373,-0.42574903022835814,0.7560952372073189
-0.5537962142444712,-0.4798671512665091,-0.6804684197109054
-0.7468290904422066,-0.6546371534744572,-0.11703207662912973
-0.669530131836595,-0.593677213185196,0.4464042664531007
-0.10417691769377668,-0.09344277015135491,-0.9901593904651236
-0.6697777932538236,-0.6077048202013108,-0.4267230473833479
-0.7298236230089231,-0.6698260625545106,0.13671329569888258
-0.5232640912116409,-0.48578305256952864,0.7001496387806583
-0.4931699821909899,-0.46311743927023896,-0.736414018137566
-0.7141170952895893,-0.6783181393324617,-0.17297767505579031
-0.6638603169978963,-0.6378334485416007,0.39045866802644014
-0.21524028416123572,-0.20917917644222445,0.9538950111082158
-0.6245695106270563,-0.613957575689894,-0.48266864581000846
-0.7068066472413429,-0.7027808637781727,0.080767697272222
-0.5392864052533223,-0.5423756332105402,0.6442040403539977
-0.42766173806186564,-0.4350536470782609,-0.7923596165642266
-0.678430021671824,-0.6980879891191708,-0.2289232734824509
-0.6529168092342145,-0.6795591559874278,0.33451306959977956
-0.30309586516347453,-0.31909206944964147,0.8979494126815553
-0.5767668676069909,-0.6141943310843742,-0.538614244236669
-0.6801624688809542,-0.7326410303379591,0.024822098845561413
-0.5468043786792953,-0.5957826591621911,0.5882584419273371
-0.35580559362893227,-0.39214874953469875,-0.8483052149908872
-0.6400487000779639,-0.713573673383483,-0.28486887190865673
-0.6371898532529285,-0.7186022925900841,0.278567471173119
-0.3556017814880576,-0.4056808471973117,0.8420038142548947
-0.5265416653577445,-0.6076614749467417,-0.5945598426633296
-0.6502180898911516,-0.7591098493315231,-0.031123499581099168
-0.5470260361030572,-0.6460693093388673,0.5323128435006765
-0.27405599121225793,-0.3274504239031764,-0.9042508134175478
-0.5992617815809363,-0.7243830574678699,-0.3408144703353173
-0.6171269227633974,-0.754714424782937,0.2226218727464584
-0.3885584458790501,-0.48076482344800414,0.7860582158282341
-0.4740258820828236,-0.5934156504748673,-0.6505054410895355
-0.6173012288552354,-0.7818939602183479,-0.08706909800775975
-0.5408783010342645,-0.6931990416113398,0.47636724507401595
-0.1705696508060964,-0.221198654845353,-0.9601964118442083
-0.5563661472354163,-0.7300946226664113,-0.3967600687619779
-0.5931467200576499,-0.7876521999358114,0.1666762743197978
-0.4079385264825977,-0.54819861776753,0.7301126174015735
-0.4192758461479785,-0.5702058344171715,-0.706451039516196
-0.5817431519440798,-0.8007007566937462,-0.14301469643442033
-0.5291129865484364,-0.7370787518956983,0.4204216466473554
-0.10352402513033965,-0.14596654502647452,0.9838579897291311
-0.5116669283248927,-0.730242790689411,-0.45270566718863847
-0.5656490591835956,-0.8171779850564759,0.11073067589313723
-0.4168858666060228,-0.6096761474345415,0.6741670189749129
-0.3621997372985664,-0.5362487452239663,-0.7623966379428566
-0.5438810859959827,-0.8152350368848374,-0.1989602948610809
-0.512367964219446,-0.7775836157707069,0.3644760482206948
-0.20333807693165976,-0.31246155049257085,0.9279123913029252
-0.46547695288845903,-0.724296276614501,-0.508651265615299
-0.5350220741681245,-0.843059888406411,0.05478507746647665
-0.41736441777312366,-0.6660399522192362,0.6182214205482524
-0.3023928014466957,-0.4887479696192677,-0.8183422363695172
-0.5040604162350101,-0.8251945724204485,-0.2549058932877415
-0.49120473604842285,-0.8145715860705491,0.3085304497940342
-0.2504113393232058,-0.42067573409865183,0.8719667928762647
-0.4181152044814774,-0.7116249411701345,-0.5645968640419596
-0.5016476634050727,-0.8650712542856409,-0.0011605209601839306
-0.41074475802519006,-0.717728809239476,0.5622758221215918
-0.23869102227640301,-0.4226669821645131,-0.8742878347961778
-0.4626368507730856,-0.8302641112355109,-0.3108514917144021
-0.4661326897902689,-0.8478922150654591,0.25258485136737363
-0.2755664246682104,-0.5081068350304108,0.8160211944496041
-0.3699033901327823,-0.6914466966018824,-0.6205424624686202
-0.46590577537216044,-0.8829896373137351,-0.05710611938684451
-0.39806277666038287,-0.7649677969757985,0.5063302236953859
-0.16753328509214863,-0.3264940399160202,-0.9302334332228384
-0.41997873803174085,-0.8301070739761924,-0.36679709014106265
-0.4376254235802243,-0.8773921545347596,0.19663925294071305
-0.286720765327317,-0.5831606048598318,0.7600755960229435
-0.3211585796424387,-0.6627375575506447,-0.6764880608952808
-0.4281779620727835,-0.8965951939948226,-0.11305171781350509
-0.38015049929687067,-0.8078609330855712,0.45038462526872536
-0.06968701229491023,-0.15031512848767267,-0.9861790316494989
-0.3764697539453606,-0.8243537733442193,-0.42274268856772323
-0.4061321483934152,-0.9029185863746684,0.14069365451405247
-0.28757631886500656,-0.6492309352711951,0.7041299975962829
-0.27217697778883276,-0.6240678067758404,-0.7324336593219414
-0.3888505249874309,-0.9056683589044174,-0.16899731624016567
-0.35770890954497603,-0.84644089583171,0.39443902684161003
-0.11027941174661503,-0.2651664138592169,0.9578753699233857
-0.3325122428198229,-0.8125842308768665,-0.47868828699392907
-0.37208594430405273,-0.9243212737142279,0.08474805608784663
-0.28032073991700657,-0.7080093696029013,0.6481843991696223
-0.2231954982349181,-0.5732729851645112,-0.788379257748602
-0.3483175284128862,-0.9099865848140462,-0.22494291466682625
-0.3313514888030601,-0.880697672182622,0.33849342841494945
-0.1497712433102061,-0.40508179663314864,0.9019297714976346
-0.2885316203997976,-0.7943022803628041,-0.5346338854205896
-0.3359099741033884,-0.9414536142214,0.028802457661186054
-0.26643676173683756,-0.7604371472315948,0.5922388007429618
-0.17428893357387054,-0.506694093984038,-0.8443248561752625
-0.3069839457939681,-0.9093198008604544,-0.28088851309348684
-0.3016317485934571,-0.9105959652938083,0.28254782998828887
-0.16477033575326117,-0.5071109497626508,0.8459841730709741
-0.24498247454547886,-0.7688949605923356,-0.5905794838472502
-0.2980223775079664,-0.9541728944032548,-0.027143140765474527
-0.2470271257245531,-0.8070732310674124,0.5362932023163012
-0.125030791404456,-0.41698969983876366,-0.9002704546019231
-0.26526923542695485,-0.9034240499634884,-0.3368341115201474
-0.2690614632185786,-0.9360861913637909,0.2266022315616283
-0.16598717448151298,-0.5901587146536305,0.7900385746443135
-0.20235742277159127,-0.7355656268749597,-0.6465250822739108
-0.2588403508006958,-0.9623398226285941,-0.08308873919213511
-0.22296936048634106,-0.848263428259048,0.4803476038896406
-0.0727820005973103,-0.283467176793875,-0.9562160530285837
-0.22361172299503024,-0.8920324527691217,-0.392779709946808
-0.2341232435827403,-0.957111602887215,0.1706566331349677
-0.1575777849993677,-0.6605124858339936,0.7340929762176529
-0.1612006219738407,-0.6932166344161993,-0.7024706807005714
-0.21878379476962442,-0.9658173243989289,-0.1390343376187957
-0.19499845646318595,-0.8842276515332326,0.42440200546298
-0.03261653710367009,-0.1520248619526906,0.9878383485447557
-0.1824743260075989,-0.8748421103108882,-0.4487253083734686
-0.19727955151568458,-0.9736129400690605,0.11471103470830712
-0.14183265040144247,-0.7211100008149264,0.6781473777909923
-0.12212960776292664,-0.6402258245826065,-0.758416279127232
-0.17827885544735406,-0.9644684931298124,-0.19497993604545627
-0.1637548409232596,-0.9151088613864932,0.36845640703631943
-0.06185418468722241,-0.357421267014167,0.9318927501180951
-0.14235244512839418,-0.8514946019767259,-0.5046709068001292
-0.15897943355924554,-0.9855314115763648,0.05876543628255604
-0.1202569985985817,-0.7735652526089316,0.6222017793643317
-0.08587335879605637,-0.5739690746338019,-0.8143618775538926
-0.13776167321297866,-0.9581534832913999,-0.25092553447211685
-0.12981404070146707,-0.9410022897628332,0.31251080860965885
-0.06319441240752517,-0.4782499907831997,0.8759471516914346
-0.10378538764589715,-0.8215459374730617,-0.5606165052267897
-0.11966379809744886,-0.9928104672793088,0.0028198378558954573
-0.09395505988130479,-0.8188567544281379,0.5662561809376712
-0.053346003062004856,-0.48961117349348493,-0.8703074759805531
-0.09768269522056365,-0.9467249858580196,-0.30687113289877743
-0.09370598751626677,-0.9619737422754091,0.25656521018299827
-0.05223633331106534,-0.5699726468222606,0.820001553264774
-0.06737374125009166,-0.7844182247553901,-0.6165621036534503
-0.07976980202013316,-0.9953966205736519,-0.053125760570765124
-0.06380061172822188,-0.8576203071991577,0.5103105825110106
-0.025814096968372946,-0.37601712002100635,-0.9262530744072137
-0.05851200586753157,-0.9300217011659905,-0.362816731325438
-0.055928150539528564,-0.9780714766089257,0.2006196117563377
-0.033151186332203826,-0.644297677103671,0.7640559548381134
-0.03380731073470784,-0.739317561257553,-0.6725077020801109
-0.03973477001740637,-0.9932394407684979,-0.1090713589974257
-0.03052398517304474,-0.8902925067454989,0.45436498408435
-0.005364113113999774,-0.18776845681284213,-0.9821986728338743
-0.020746320806695737,-0.9078588554139791,-0.4187623297520986
-0.01695484908643885,-0.989334100776649,0.1446740133296771
-0.008066312412500528,-0.7060557044220444,0.7081103564114528
-0.003913234835783406,-0.6850842835558529,-0.728453300505862
0.,-0.9862907298370482,-0.16501695742408629
0.005239024819684023,-0.9171883916355942,0.3984193856576894
0.0031250424924516274,-0.27353937778771975,0.9618557287394651
0.015081363713182985,-0.8800141677227593,-0.4747079281787592
0.02275585099319005,-0.9957958825152743,0.08872841490301653
0.021647692672673163,-0.7577681082261162,0.6521647579847922
0.021253226614908256,-0.6198924646355217,-0.7843988989325226
0.03898520634197179,-0.974502797634968,-0.22096255585074687
0.042917603153372515,-0.9385466341099976,0.34247378723102884
0.021760107093857794,-0.42291055027736224,0.9059101303128045
0.048387838740705125,-0.846206506571082,-0.5306535266054198
0.06275676956342405,-0.9974902880819646,0.03278281647635595
0.05498540373404189,-0.8009365262940625,0.5962191595581317
0.040213591312910045,-0.5405589633257969,-0.8403444973591832
0.07675891152349541,-0.9578256331903046,-0.27690815427740745
0.08198700343843167,-0.9545573467779057,0.28652818880436826
0.048081841908331056,-0.5246412402911826,0.849964531886144
0.07851862519196101,-0.8060622134857595,-0.5865991250320803
0.10260717348555488,-0.9944522379087031,-0.023162781950304634
0.09114578301496865,-0.8365386574336579,0.5402735611314711
0.05055156790243593,-0.4405775790695761,-0.8962900957858437
0.11284083288325039,-0.9362026093453455,-0.33285375270406803
0.1219558485349192,-0.9653799459398533,0.23058259037770767
0.0796328341230197,-0.6026545818604552,0.7940189334594834
0.10471448100900572,-0.759059388863839,-0.6425447234587409
0.14186882658228697,-0.9867193624320434,-0.07910838037696521
0.1294537500791101,-0.8652561188068324,0.4843279627048105
0.04690788256115236,-0.30173967790341877,-0.9522356942125043
0.14672488913685935,-0.9095641106970418,-0.3887993511307286
0.16235721303334597,-0.9711550115292279,0.1746369919510471
0.11505481894696556,-0.6648384320649698,0.7380733350328228
0.12605473503793907,-0.7044298928970457,-0.6984903218854015
0.18010216708187302,-0.9743324033520198,-0.1350539788036258
0.16931729860121839,-0.8875923627257443,0.4283823642790594
0.02463590442117563,-0.12525463641092427,0.9918187073608351
0.17786899348993987,-0.8778180625836263,-0.4447449495573892
0.2027420676390758,-0.9720123492593454,0.11869139352438651
0.1533934603424141,-0.7149630740651818,0.6821277366061622
0.14135345385611475,-0.640972420019644,-0.7544359203120621
0.21686227276995415,-0.957334798357869,-0.19099957723028638
0.21020203985933658,-0.9039391339467382,0.3724367658523988
0.08176217458021634,-0.3427192302480223,0.9358731089341745
0.20568046556797168,-0.8408356089291023,-0.5006905479840498
0.24267420260476288,-0.9680765447978258,0.06274579509772593
0.19389773818674405,-0.7551818303898818,0.6261821381795016
0.14894716939081054,-0.5666538050848918,-0.8103815187387227
0.2516942438240827,-0.9357713865285595,-0.24694517565694696
0.251615101690183,-0.9146164122422756,0.31649116742573824
0.128636996172799,-0.4573621097857673,0.8799275105075139
0.22949427930587973,-0.7984288172873705,-0.5566361464107104
0.28172604273262297,-0.9594707885972616,0.0068001966710653505
0.235936230191479,-0.7868699918116969,0.570236539752841
0.14618452461632284,-0.47760591582037193,-0.8663271171653832
0.28412754371719523,-0.9096860545684243,-0.30289077408360754
0.29309439352275835,-0.9198976480894346,0.26054556899907766
0.1750940052184011,-0.5388839373187508,0.8239819120808534
0.2485390877050947,-0.7503145525542746,-0.6125817448373709
0.3194749285696289,-0.9463194489714939,-0.04914540175559523
0.27895505062189646,-0.8109802139401222,0.5142909413261805
0.12781485877241525,-0.36479638149447763,-0.9222727155920438
0.3136686652370312,-0.879117981964164,-0.3588363725093586
0.33420109611668175,-0.9200263471206541,0.20459997057241708
0.2220844722190722,-0.6006652213235377,0.7680363136541928
0.26188115146164176,-0.6960527665468047,-0.6685273432640315
0.3554995198614405,-0.9287496826696516,-0.10509100018225581
0.32245412155703923,-0.8282166903251827,0.4583453428995199
0.07641482798820429,-0.1930018242969127,-0.9782183140187044
0.33979117982631607,-0.8440958895165119,-0.4147819709360192
0.37451414265265137,-0.9152273130731514,0.1486543721457565
0.26960322978554774,-0.6482599106654234,0.7120907152275322
0.2683251455433104,-0.6349335185885181,-0.7244729416906921
0.38937600257672095,-0.9068922441645667,-0.1610365986089164
0.3659726582820764,-0.83912958417525,0.4023997444728593
0.10495635593077335,-0.2369489719895155,0.965836087554635
0.36192168008424375,-0.8046292642744866,-0.4707275693626798
0.41362593173338397,-0.9057144538281321,0.09270877371909592
0.31740239912919543,-0.6846380815623693,0.6561451168008716
0.26622168209472263,-0.5657498724911535,-0.7804185401173527
0.42067375778579097,-0.8808815559880884,-0.21698219703557697
0.40907972523076475,-0.844170186095506,0.34645414604619873
0.1830399225709017,-0.37228441350625163,0.9098904891279744
0.37941912354810653,-0.7606947502229314,-0.5266731677893404
0.45113876958354593,-0.8916962933202437,0.036763175292435335
0.36515834990054025,-0.7116318694671282,0.600199518374211
0.253041555384742,-0.48627666919769164,-0.8363641385440133
0.44895007449130847,-0.850855010608959,-0.27292779546223755
0.45136776329889017,-0.8437250298613546,0.29050854761953815
0.24807827585165243,-0.45742244445981506,0.8539448907013139
0.3915431679244734,-0.7122143784736537,-0.582618766216001
0.48666167788101,-0.8733798978249611,-0.019182423134225246
0.412524850148369,-0.7304867682797486,0.5442539199475505
0.22422149134401706,-0.3918010415080485,-0.8923097369706738
0.47374333983749295,-0.8169513686576547,-0.32887339388889814
0.49244793008412585,-0.838137971351853,0.23456294919287757
0.3082583236980828,-0.5178551297404989,0.7979992922755628
0.39740317835938854,-0.6590191697047743,-0.6385643646426615
0.5198072726773157,-0.8509736656607639,-0.07512802156088583
0.45915285127815036,-0.7421143054116367,0.4883083215208899
0.16859566136609128,-0.26904892094007593,-0.9482553353973344
0.49456387739670604,-0.7793079714256578,-0.3848189923155587
0.5319465646150803,-0.8277250113410084,0.178617350766217
0.3656286170922223,-0.5618469807771764,0.7420536938489022
0.3958709531309896,-0.6007845700953137,-0.6945099630693221
0.5501884406899161,-0.8246892662539987,-0.1310736199875464
0.5046984505128211,-0.7472228246838423,0.4323627230942293
0.0516834608705526,-0.07558465238021853,0.995799066176005
0.5108811449487152,-0.7380562521134373,-0.4407645907422193
0.5695023366920393,-0.8127845530521909,0.1226717523395564
0.42086209603056435,-0.5934060814659927,0.6861080954222416
0.38541906562346395,-0.5369065040336961,-0.7504555614959827
0.5774145192479274,-0.7947429049104018,-0.187019218414207
0.5488261274792824,-0.7463913384097478,0.3764171246675687
0.20391820742285427,-0.27403069872001895,0.9398534677493444
0.5221051816662359,-0.6933146235678882,-0.4967101891688799
0.6047637760251767,-0.7936046847088055,0.06672615391289582
0.4741456564086991,-0.6148830164259361,0.630162496995581
0.36378721550861837,-0.46623602510735007,-0.8064011599226433
0.6010866219277387,-0.7613560078681875,-0.24296481684086757
0.5912099240620015,-0.7401140632087904,0.32047152624090813
0.2939625206473633,-0.3637209301154964,0.8839078693226838
0.5275586631642332,-0.6451770589206656,-0.5526557875955405
0.6373869478443338,-0.7704684668051592,0.010780555486235244
0.5254557814418995,-0.6278305305949791,0.5742168985689204
0.32717495397484025,-0.38641249702359354,-0.8623467583493039
0.6207916283951228,-0.7247553502797517,-0.29891041526752815
0.6315336606090446,-0.7288286966302517,0.26452592781424755
0.36965010049289293,-0.42170757780515905,0.8279622708960233
0.5264329041880479,-0.5936941555380121,-0.608601386022201
0.6670330732055824,-0.7436578501879664,-0.04516504293951584
0.5746673898842878,-0.6333658109279593,0.5182713001422599
0.2676996391589761,-0.29167799142375983,-0.9182923567759644
0.636094141939758,-0.6851725710614757,-0.35485601369418873
0.669490655478975,-0.712935136193257,0.20858032938758697
0.4377391467899171,-0.4608412924174311,0.7720166724693627
0.5177147611617539,-0.5388401725327767,-0.6645469844488616
0.6933658941163732,-0.7134566385413502,-0.10111064136617642
0.6216037208968738,-0.6323478154468,0.4623257017155993
0.15901241187241869,-0.15992329259093074,-0.974237955202625
0.6465253487156225,-0.6428429115632014,-0.4108016121208493
0.7047831429241027,-0.6928083142937226,0.1526347309609264
0.5005776315490499,-0.486481501921784,0.7160710740427021
0.5000565935134006,-0.4804517054867559,-0.7204925828755222
0.7160485579759052,-0.6801527770749464,-0.157056239792837
0.6660616353319656,-0.6254735083037324,0.4063801032889387
0.17869941671201361,-0.16589930324044566,0.9698164463707144
0.6515670652931936,-0.5980028435311439,-0.4667472105475099
0.7371214550392955,-0.6688072758056113,0.09668913253426581
0.5591731856121814,-0.5015572798145989,0.6601254756160415
0.4715228887067972,-0.4181027577543063,-0.7764381813021828
0.7347397380756046,-0.6440401650578222,-0.21300183821949759
0.7078254078429369,-0.6133342072752099,0.3504345048622781
0.30835178885867925,-0.26411975993035536,0.9138708479440538
0.650628083898252,-0.5508859445380508,-0.5226928089741705
0.7662229640106007,-0.6412817897392938,0.04074353410760523
0.6139819079037772,-0.507930007743451,0.6041798771893809
0.4290290035104372,-0.3508152753126349,-0.8323837797279339
0.7490886044534105,-0.6054201342865158,-0.26894743664615817
0.7466746317139318,-0.5964505665528522,0.29448890643561754
0.4032486283351251,-0.31836270193971955,0.8579252495173932
0.6430076740804195,-0.5017157806510765,-0.5786384074008311
0.7918107352377092,-0.6105773143531928,-0.015202064319055353
0.6651937809698059,-0.506908679496232,0.5482342787627204
0.3668265624645823,-0.27624117900466877,-0.8883293781545945
0.7587280873639172,-0.5646026967755858,-0.32489303507281875
0.7823888807590551,-0.5752953410803332,0.23854330800895696
0.48326739639671396,-0.3511143158806374,0.8019796510907327
0.627836515627533,-0.45069329836665284,-0.6345840058274916
0.813611802245879,-0.5770388594644512,-0.07114766274571593
0.7128576797061618,-0.49948551900623517,0.49228868033605977
0.2706447409722862,-0.18733977897530052,-0.944274976581255
0.7632655871709173,-0.5219076342370209,-0.38083863349947933
0.814750456162912,-0.5503087957116678,0.18259770958229637
0.55394610528442,-0.3695631268211736,0.7460340526640721
0.6039752284205119,-0.397973352252377,-0.6905296042541522
0.8313549293961857,-0.5410141258167233,-0.12709326117237651
0.7569434153303128,-0.4864579949573127,0.4363430819093992
0.017732924013392676,-0.011253655780783016,0.9997794249920844
0.7622697901747307,-0.4776654705205974,-0.4367842319261399
0.8435459138987081,-0.5219095073713582,0.1266521111556358
0.6176163930920484,-0.3772637224968605,0.6900884542374115
0.5698259775239729,-0.34361770490108373,-0.7464752026808128
0.8447676680559316,-0.5028562049771558,-0.1830388595990371
0.7973753812009958,-0.46849787194240944,0.3803974834827386
0.2858374701839251,-0.16575478415334882,0.9438338265654238
0.755251372471947,-0.4322183229107035,-0.4927298303528005
0.8685667411248197,-0.4905021970078398,0.07070651272897521
0.6754355094866928,-0.3763638013261064,0.6341428558107509
0.5229435705172124,-0.28749066072613544,-0.8024208011074734
0.8535724231274553,-0.4629260710939576,-0.23898445802569768
0.8340520278803997,-0.4461929953187974,0.3244518850569875
0.4068915324759923,-0.2146946089960018,0.8878882281387632
0.7416337430934303,-0.38592054228675426,-0.5486754287794611
0.8896093663559798,-0.4564836149312172,0.014760914302314632
0.7280244800801282,-0.36833176343830987,0.5781972573840903
0.45909825326389675,-0.22898890366313887,-0.858366399534134
0.85748110945445,-0.4215950767380643,-0.29493005645235826
0.866857687557258,-0.4200739501122107,0.26850628663032694
0.5006962079205111,-0.23911245940295894,0.8319426297121026
0.720706768074889,-0.33913886228396506,-0.6046210272061217
0.9064745735333986,-0.4202471526744959,-0.04118468412434595
0.7757263602974738,-0.35426235850827625,0.5222516589574298
0.36936559465244495,-0.16614038603538203,-0.9143119979607945
0.8561877568995475,-0.37924767599622916,-0.35087565487901884
0.8956699873124279,-0.3906318313426841,0.21256068820366636
0.5795744472898311,-0.24884145049582748,0.7759970312854421
0.6915496372406177,-0.2922513170757147,-0.6605666256327822
0.9189663062467053,-0.3821866509898639,-0.09713028255100653
0.8187282626898991,-0.33502640162389324,0.4663060605307692
0.22456274849770186,-0.09039783537007944,-0.9702575963874551
0.8493580554223993,-0.33628464363969507,-0.4068212533056794
0.9203645619910457,-0.3583305550538095,0.15661508977700578
0.6480672286657118,-0.24806209135528912,0.7200514328587815
0.652893378328425,-0.2456429712169415,-0.7165122240594428
0.9268897726082383,-0.34269975794733115,-0.1530758809776671
0.857125468637889,-0.3113522477098594,0.4103604621041086
0.21419409155195537,-0.07642429819106925,0.9737968051858843
0.8366141955940647,-0.29312715443826826,-0.4627668517314305
0.9408180097660679,-0.3236157072996885,0.1006694913503452
0.7083608842253996,-0.23914075012976474,0.6641058344321209
0.6028529209415681,-0.19969293475796027,-0.7724578224861034
0.9300486761850483,-0.3021911333478626,-0.2090214794043277
0.8909578170458615,-0.283873691365313,0.354414863677448
0.37887431704756336,-0.1183360221250451,0.9178512067592237
0.8175122093899306,-0.25022226429593414,-0.5187124501580911
0.9569096210926333,-0.28692115722285755,0.044723892923684616
0.7616592338113812,-0.22364332963815933,0.6081602360054603
0.5383352666839507,-0.15473497621530058,-0.828403420912764
0.9282412851805413,-0.2610757823929365,-0.2649670778309883
0.920231591274335,-0.25315986277717945,0.29846926525078743
0.4896656449709304,-0.13170527119321,0.8619056083325631
0.791506821364544,-0.20805066433482247,-0.5746580485847517
0.9685221739804152,-0.24867422832664968,-0.011221705502975965
0.8086808058659314,-0.20271740987824077,0.5522146375787997
0.4534568440411786,-0.11092205635315434,-0.8843490193394246
0.9212548840644454,-0.219782831004969,-0.32091267625764885
0.9449332680578104,-0.219734817331633,0.24252366682412685
0.5773422681691894,-0.13078366800840696,0.8059600099059026
0.7578943580553342,-0.1671382134755519,-0.6306036470114122
0.975541938451298,-0.20929997516843568,-0.06716730392963655
0.8498784079552935,-0.17726740385752926,0.49626903915213916
0.3335824874080834,-0.06759257277813627,-0.9402946177660851
0.908857884486532,-0.17876013707935895,-0.37685827468430944
0.9650384219813672,-0.18409092452585213,0.18657806839746627
0.6504032230039792,-0.1202249145538577,0.750014411479242
0.7157144467320655,-0.1280740579798499,-0.6865492454380728
0.9778579249470771,-0.16922497419590643,-0.12311290235629713
0.885549397608084,-0.14804570896731645,0.4403234407254786
0.0855282324460165,-0.0137968509048761,-0.9962402161927457
0.8907884238606747,-0.13848029222946653,-0.43280387311097
0.9805175880241348,-0.14669838910042493,0.1306324699708057
0.7125810306160447,-0.10245368491515476,0.6940688130534909
0.6635673580334664,-0.09154107376894044,-0.7424948438647334
0.9753603176107528,-0.1288809688340801,-0.1790585007829577
0.9158963457550295,-0.11570461608029468,0.384377842298818
0.3165323264410063,-0.038151753684015334,0.9478141853805937
0.8667374907109359,-0.09944886257668946,-0.4887494715376306
0.9913401094962658,-0.10801230727504983,0.0746868715441451
0.7658683240403439,-0.07902197913210708,0.6381232146268303
0.5992375093661689,-0.05837180382816405,-0.798440442291394
0.9679379324964552,-0.08870869286131784,-0.2350040992096183
0.9410627521125553,-0.08082795167170136,0.3284322438721574
0.4508492124894707,-0.03613047470513986,0.8918685869539331
0.8363231538297413,-0.0622162609361143,-0.5446950699642912
0.9974765699497845,-0.06847815040688919,0.018741273117484525
0.8114572441337478,-0.051052562505238375,0.5821776162001697
0.5187913336504999,-0.029665561772239873,-0.8543860407180546
0.955474410251174,-0.04916222940967166,-0.29094969763627887
0.9611551898048611,-0.04395144098936155,0.27248664544549683
0.5484080863526473,-0.021939190382983736,0.8359229885272725
0.7990496002162851,-0.02739569070247319,-0.6006406683909518
0.9989001545967431,-0.02853628085248408,-0.037204325309176056
0.8501190862076474,-0.019426856037347975,0.5262320177735091
0.41381881549226335,-0.007091876809151034,-0.9103316391447152
0.93784266065975,-0.010714355605758731,-0.34689529606293945
0.9762575881261256,-0.005576430950545348,0.21654104701883625